datetime,symbol,open,high,low,close,volume
2025-07-03 13:30:00,AMEX:XLK,253.71,253.71,253.71,253.71,10.0
2025-07-03 13:45:00,AMEX:XLK,253.67,253.88,253.67,253.88,77.0
2025-07-03 14:00:00,AMEX:XLK,253.73,253.98,253.73,253.98,46.0
2025-07-03 14:15:00,AMEX:XLK,253.94,253.94,253.88,253.88,35.0
2025-07-03 14:30:00,AMEX:XLK,253.85,253.85,253.85,253.85,10.0
2025-07-03 14:45:00,AMEX:XLK,253.83,253.83,253.83,253.83,25.0
2025-07-03 15:00:00,AMEX:XLK,253.95,254.1,253.95,254.0,201.0
2025-07-03 15:15:00,AMEX:XLK,253.99,254.0,253.93,253.99,80.0
2025-07-03 15:30:00,AMEX:XLK,254.0,254.73,254.0,254.41,785.0
2025-07-03 15:45:00,AMEX:XLK,254.4,254.5,254.22,254.5,71.0
2025-07-03 16:00:00,AMEX:XLK,254.72,254.75,254.55,254.6,245.0
2025-07-03 16:15:00,AMEX:XLK,254.62,255.0,254.58,255.0,377.0
2025-07-03 16:30:00,AMEX:XLK,254.95,255.829,254.95,255.755,59830.0
2025-07-03 16:45:00,AMEX:XLK,255.8,256.18,255.65,256.13,58643.0
2025-07-03 17:00:00,AMEX:XLK,256.12,257.14,256.12,256.97,40146.0
2025-07-03 17:15:00,AMEX:XLK,256.99,257.44,256.86,257.35,20722.0
2025-07-03 17:30:00,AMEX:XLK,257.37,257.41,256.85,256.91,29697.0
2025-07-03 17:45:00,AMEX:XLK,256.91,256.97,256.67,256.92,21868.0
2025-07-03 18:00:00,AMEX:XLK,256.91,257.32,256.91,257.32,23802.0
2025-07-03 18:15:00,AMEX:XLK,257.31,257.35,257.15,257.31,44874.0
2025-07-03 18:30:00,AMEX:XLK,257.33,257.73,257.31,257.69,33505.0
2025-07-03 18:45:00,AMEX:XLK,257.69,257.7,257.38,257.44,22874.0
2025-07-03 19:00:00,AMEX:XLK,257.45,257.6,257.42,257.53,15305.0
2025-07-03 19:15:00,AMEX:XLK,257.52,257.54,257.33,257.33,15856.0
2025-07-03 19:30:00,AMEX:XLK,257.33,257.33,257.16,257.16,25456.0
2025-07-03 19:45:00,AMEX:XLK,257.16,257.17,256.53,256.98,67531.0
2025-07-03 20:45:00,AMEX:XLK,256.81,256.81,256.8,256.8,118.0
2025-07-03 21:15:00,AMEX:XLK,256.75,256.75,256.71,256.71,7.0
2025-07-03 21:30:00,AMEX:XLK,256.71,256.71,256.71,256.71,27.0
2025-07-03 21:45:00,AMEX:XLK,256.65,256.65,256.65,256.65,15.0
2025-07-03 22:00:00,AMEX:XLK,256.61,256.61,256.6,256.6,125.0
2025-07-07 11:00:00,AMEX:XLK,256.0,256.07,255.77,255.77,4.0
2025-07-07 11:15:00,AMEX:XLK,255.69,255.9,255.69,255.9,12.0
2025-07-07 11:30:00,AMEX:XLK,255.66,255.81,255.66,255.81,860.0
2025-07-07 12:00:00,AMEX:XLK,255.7,255.71,255.7,255.71,225.0
2025-07-07 12:15:00,AMEX:XLK,255.78,255.78,255.7,255.73,234.0
2025-07-07 12:30:00,AMEX:XLK,255.82,256.05,255.82,256.05,416.0
2025-07-07 12:45:00,AMEX:XLK,255.98,255.99,255.95,255.95,437.0
2025-07-07 13:00:00,AMEX:XLK,256.27,256.47,256.27,256.42,2409.0
2025-07-07 13:15:00,AMEX:XLK,256.3,256.42,256.3,256.42,74.0
2025-07-07 14:00:00,AMEX:XLK,256.38,256.43,256.15,256.19,90.0
2025-07-07 14:15:00,AMEX:XLK,256.11,256.38,256.11,256.38,133.0
2025-07-07 14:30:00,AMEX:XLK,256.21,256.34,256.2,256.34,777.0
2025-07-07 14:45:00,AMEX:XLK,256.39,256.39,256.35,256.35,43.0
2025-07-07 15:00:00,AMEX:XLK,256.39,256.48,256.39,256.45,475.0
2025-07-07 15:15:00,AMEX:XLK,256.53,256.53,256.5,256.5,42.0
2025-07-07 15:30:00,AMEX:XLK,256.46,256.46,256.2,256.2,336.0
2025-07-07 15:45:00,AMEX:XLK,256.18,256.23,256.06,256.06,75.0
2025-07-07 16:00:00,AMEX:XLK,256.0,256.1,255.92,256.06,282.0
2025-07-07 16:15:00,AMEX:XLK,256.06,256.06,255.71,255.71,2501.0
2025-07-07 16:30:00,AMEX:XLK,255.97,256.61,255.6,256.1,61040.0
2025-07-07 16:45:00,AMEX:XLK,256.14,256.4,255.81,256.08,24668.0
2025-07-07 17:00:00,AMEX:XLK,256.12,256.23,255.73,255.79,24014.0
2025-07-07 17:15:00,AMEX:XLK,255.76,256.33,255.63,255.96,36203.0
2025-07-07 17:30:00,AMEX:XLK,255.98,256.01,255.71,255.82,7071.0
2025-07-07 17:45:00,AMEX:XLK,255.83,256.05,255.27,255.39,16130.0
2025-07-07 18:00:00,AMEX:XLK,255.42,255.6,255.2,255.48,15152.0
2025-07-07 18:15:00,AMEX:XLK,255.52,255.72,255.43,255.7,13953.0
2025-07-07 18:30:00,AMEX:XLK,255.69,255.8,255.4,255.58,15751.0
2025-07-07 18:45:00,AMEX:XLK,255.6,255.98,255.44,255.85,10597.0
2025-07-07 19:00:00,AMEX:XLK,255.87,256.205,255.87,256.13,10311.0
2025-07-07 19:15:00,AMEX:XLK,256.14,256.31,254.68,255.43,85006.0
2025-07-07 19:30:00,AMEX:XLK,255.43,255.77,255.24,255.36,26014.0
2025-07-07 19:45:00,AMEX:XLK,255.36,255.42,254.85,255.06,18099.0
2025-07-07 20:00:00,AMEX:XLK,255.17,255.32,254.99,255.24,15657.0
2025-07-07 20:15:00,AMEX:XLK,255.27,255.46,254.9,254.97,11903.0
2025-07-07 20:30:00,AMEX:XLK,254.95,255.64,254.7,254.83,49102.0
2025-07-07 20:45:00,AMEX:XLK,254.89,255.0,254.77,254.96,14080.0
2025-07-07 21:00:00,AMEX:XLK,254.94,255.05,254.9,254.98,11381.0
2025-07-07 21:15:00,AMEX:XLK,254.94,254.94,253.82,253.83,26683.0
2025-07-07 21:30:00,AMEX:XLK,253.83,254.58,253.79,254.57,15621.0
2025-07-07 21:45:00,AMEX:XLK,254.55,254.91,254.51,254.86,10590.0
2025-07-07 22:00:00,AMEX:XLK,254.84,254.98,254.475,254.61,14573.0
2025-07-07 22:15:00,AMEX:XLK,254.59,254.68,254.49,254.52,16967.0
2025-07-07 22:30:00,AMEX:XLK,254.52,254.73,254.45,254.55,14177.0
2025-07-07 22:45:00,AMEX:XLK,254.55,255.03,254.47,254.96,120336.0
2025-07-07 23:30:00,AMEX:XLK,254.71,254.75,254.635,254.635,130.0
2025-07-07 23:45:00,AMEX:XLK,254.51,254.66,254.5,254.5,55.0
2025-07-08 00:00:00,AMEX:XLK,254.59,254.59,254.51,254.51,11.0
2025-07-08 01:30:00,AMEX:XLK,254.31,254.31,254.31,254.31,2.0
2025-07-08 02:45:00,AMEX:XLK,254.729,254.729,254.729,254.729,1.0
2025-07-08 11:00:00,AMEX:XLK,256.37,256.43,255.67,255.67,410.0
2025-07-08 11:30:00,AMEX:XLK,255.78,255.78,255.6,255.78,24.0
2025-07-08 11:45:00,AMEX:XLK,255.76,255.77,255.76,255.76,160.0
2025-07-08 12:00:00,AMEX:XLK,255.88,255.88,255.88,255.88,1.0
2025-07-08 12:15:00,AMEX:XLK,255.79,255.79,255.79,255.79,1.0
2025-07-08 12:30:00,AMEX:XLK,255.7,255.7,255.7,255.7,10.0
2025-07-08 12:45:00,AMEX:XLK,255.74,255.77,255.55,255.55,30.0
2025-07-08 13:15:00,AMEX:XLK,255.48,255.58,255.48,255.58,11.0
2025-07-08 13:30:00,AMEX:XLK,255.66,255.9,255.66,255.9,190.0
2025-07-08 14:00:00,AMEX:XLK,255.87,255.87,255.66,255.72,641.0
2025-07-08 14:15:00,AMEX:XLK,255.83,255.83,255.8,255.8,51.0
2025-07-08 14:30:00,AMEX:XLK,255.8,255.8,255.78,255.78,27.0
2025-07-08 14:45:00,AMEX:XLK,255.88,255.88,255.79,255.79,225.0
2025-07-08 15:00:00,AMEX:XLK,255.79,255.8,255.79,255.8,100.0
2025-07-08 15:15:00,AMEX:XLK,255.88,255.88,255.76,255.76,33.0
2025-07-08 15:30:00,AMEX:XLK,255.58,255.58,255.58,255.58,4.0
2025-07-08 15:45:00,AMEX:XLK,255.64,255.73,255.64,255.73,48.0
2025-07-08 16:00:00,AMEX:XLK,255.87,255.9,255.83,255.83,203.0
2025-07-08 16:15:00,AMEX:XLK,255.82,256.1,255.81,255.94,275.0
2025-07-08 16:30:00,AMEX:XLK,256.25,256.25,255.3,255.59,36830.0
2025-07-08 16:45:00,AMEX:XLK,255.58,256.01,255.49,255.69,33523.0
2025-07-08 17:00:00,AMEX:XLK,255.68,255.93,255.5,255.83,21528.0
2025-07-08 17:15:00,AMEX:XLK,255.83,255.91,255.21,255.69,18138.0
2025-07-08 17:30:00,AMEX:XLK,255.7,256.47,255.69,256.27,21340.0
2025-07-08 17:45:00,AMEX:XLK,256.3,256.3,255.55,256.14,38407.0
2025-07-08 18:00:00,AMEX:XLK,256.16,256.39,256.04,256.26,18360.0
2025-07-08 18:15:00,AMEX:XLK,256.23,256.28,255.46,255.59,16696.0
2025-07-08 18:30:00,AMEX:XLK,255.61,255.71,255.49,255.55,11793.0
2025-07-08 18:45:00,AMEX:XLK,255.56,256.01,255.56,255.959,7057.0
2025-07-08 19:00:00,AMEX:XLK,255.94,256.21,255.91,256.2,10402.0
2025-07-08 19:15:00,AMEX:XLK,256.21,256.78,256.1,256.58,17022.0
2025-07-08 19:30:00,AMEX:XLK,256.59,256.64,255.9,256.38,46273.0
2025-07-08 19:45:00,AMEX:XLK,256.37,256.5,256.19,256.19,31170.0
2025-07-08 20:00:00,AMEX:XLK,256.25,256.36,256.05,256.11,13907.0
2025-07-08 20:15:00,AMEX:XLK,256.1,256.155,255.69,256.13,11220.0
2025-07-08 20:30:00,AMEX:XLK,256.12,256.23,255.93,256.09,8218.0
2025-07-08 20:45:00,AMEX:XLK,256.1,256.52,256.09,256.485,13648.0
2025-07-08 21:00:00,AMEX:XLK,256.46,256.58,256.42,256.43,10323.0
2025-07-08 21:15:00,AMEX:XLK,256.42,256.46,256.13,256.16,13572.0
2025-07-08 21:30:00,AMEX:XLK,256.21,256.34,256.06,256.12,16028.0
2025-07-08 21:45:00,AMEX:XLK,256.1,256.26,256.02,256.16,12283.0
2025-07-08 22:00:00,AMEX:XLK,256.14,256.16,255.76,255.88,17226.0
2025-07-08 22:15:00,AMEX:XLK,255.89,256.075,255.83,256.075,51786.0
2025-07-08 22:30:00,AMEX:XLK,256.1,256.18,255.93,256.01,20522.0
2025-07-08 22:45:00,AMEX:XLK,256.01,256.44,255.99,256.25,161876.0
2025-07-08 23:00:00,AMEX:XLK,256.3,256.3,256.2,256.21,181.0
2025-07-09 00:15:00,AMEX:XLK,256.32,256.34,256.32,256.34,43.0
2025-07-09 00:45:00,AMEX:XLK,256.45,256.45,256.45,256.45,5.0
2025-07-09 11:00:00,AMEX:XLK,256.51,256.51,256.26,256.26,50.0
2025-07-09 11:15:00,AMEX:XLK,256.4,256.41,256.15,256.29,143.0
2025-07-09 12:00:00,AMEX:XLK,256.49,256.5,256.49,256.5,300.0
2025-07-09 12:15:00,AMEX:XLK,256.44,256.53,256.44,256.53,231.0
2025-07-09 12:30:00,AMEX:XLK,256.9,256.9,256.9,256.9,10.0
2025-07-09 12:45:00,AMEX:XLK,256.8,256.86,256.8,256.86,20.0
2025-07-09 13:00:00,AMEX:XLK,256.61,256.61,256.61,256.61,25.0
2025-07-09 13:15:00,AMEX:XLK,256.68,256.68,256.68,256.68,10.0
2025-07-09 13:30:00,AMEX:XLK,256.74,256.74,256.72,256.72,20.0
2025-07-09 13:45:00,AMEX:XLK,256.74,256.74,256.74,256.74,10.0
2025-07-09 14:00:00,AMEX:XLK,256.77,256.8,256.77,256.78,420.0
2025-07-09 14:15:00,AMEX:XLK,256.92,256.94,256.92,256.94,12.0
2025-07-09 14:30:00,AMEX:XLK,257.0,257.0,257.0,257.0,30.0
2025-07-09 15:00:00,AMEX:XLK,256.86,256.86,256.84,256.84,11.0
2025-07-09 15:30:00,AMEX:XLK,256.91,256.92,256.91,256.92,15.0
2025-07-09 15:45:00,AMEX:XLK,257.0,257.14,256.82,256.82,233.0
2025-07-09 16:00:00,AMEX:XLK,256.85,257.14,256.85,257.14,67.0
2025-07-09 16:15:00,AMEX:XLK,257.18,257.27,257.02,257.04,268.0
2025-07-09 16:30:00,AMEX:XLK,257.15,258.49,257.13,258.45,46622.0
2025-07-09 16:45:00,AMEX:XLK,258.45,258.8,258.31,258.5,38456.0
2025-07-09 17:00:00,AMEX:XLK,258.49,258.68,258.02,258.09,46939.0
2025-07-09 17:15:00,AMEX:XLK,258.08,258.12,257.44,257.62,25395.0
2025-07-09 17:30:00,AMEX:XLK,257.61,257.61,256.68,256.73,38091.0
2025-07-09 17:45:00,AMEX:XLK,256.74,256.97,256.19,256.41,20864.0
2025-07-09 18:00:00,AMEX:XLK,256.38,256.57,256.08,256.16,32194.0
2025-07-09 18:15:00,AMEX:XLK,256.12,256.71,255.92,256.6,25127.0
2025-07-09 18:30:00,AMEX:XLK,256.63,256.67,256.13,256.64,18047.0
2025-07-09 18:45:00,AMEX:XLK,256.67,256.68,256.24,256.35,14225.0
2025-07-09 19:00:00,AMEX:XLK,256.31,256.58,256.19,256.37,19480.0
2025-07-09 19:15:00,AMEX:XLK,256.37,256.66,256.32,256.6,14959.0
2025-07-09 19:30:00,AMEX:XLK,256.63,256.71,256.49,256.63,16108.0
2025-07-09 19:45:00,AMEX:XLK,256.62,256.9,256.62,256.62,17480.0
2025-07-09 20:00:00,AMEX:XLK,256.62,256.93,256.44,256.68,37161.0
2025-07-09 20:15:00,AMEX:XLK,256.63,256.98,256.63,256.85,22972.0
2025-07-09 20:30:00,AMEX:XLK,256.82,257.04,256.79,256.9,15618.0
2025-07-09 20:45:00,AMEX:XLK,256.91,257.22,256.79,257.18,52904.0
2025-07-09 21:00:00,AMEX:XLK,257.17,257.48,257.16,257.45,15921.0
2025-07-09 21:15:00,AMEX:XLK,257.45,257.51,257.29,257.37,13160.0
2025-07-09 21:30:00,AMEX:XLK,257.37,257.5,257.28,257.41,13356.0
2025-07-09 21:45:00,AMEX:XLK,257.38,257.61,257.26,257.52,15717.0
2025-07-09 22:00:00,AMEX:XLK,257.52,257.61,257.3,257.39,21345.0
2025-07-09 22:15:00,AMEX:XLK,257.4,257.61,257.29,257.44,18641.0
2025-07-09 22:30:00,AMEX:XLK,257.44,257.59,257.4,257.545,27759.0
2025-07-09 22:45:00,AMEX:XLK,257.54,257.86,257.41,257.83,87369.0
2025-07-10 01:45:00,AMEX:XLK,257.8,257.83,257.8,257.83,211.0
2025-07-10 02:15:00,AMEX:XLK,257.8,257.81,257.8,257.8,190.0
2025-07-10 02:45:00,AMEX:XLK,257.75,257.76,257.75,257.76,400.0
2025-07-10 11:00:00,AMEX:XLK,257.64,257.64,257.29,257.35,624.0
2025-07-10 11:15:00,AMEX:XLK,257.4,257.4,257.4,257.4,95.0
2025-07-10 11:30:00,AMEX:XLK,257.73,257.8,257.73,257.8,20.0
2025-07-10 11:45:00,AMEX:XLK,257.88,257.88,257.84,257.84,20.0
2025-07-10 12:00:00,AMEX:XLK,257.96,257.96,257.96,257.96,10.0
2025-07-10 12:15:00,AMEX:XLK,257.84,257.84,257.6,257.7,525.0
2025-07-10 12:30:00,AMEX:XLK,257.68,257.75,257.57,257.64,1067.0
2025-07-10 12:45:00,AMEX:XLK,257.62,257.62,257.62,257.62,10.0
2025-07-10 13:15:00,AMEX:XLK,257.87,257.93,257.81,257.81,449.0
2025-07-10 13:30:00,AMEX:XLK,257.91,257.97,257.91,257.97,35.0
2025-07-10 13:45:00,AMEX:XLK,258.03,258.07,258.03,258.07,50.0
2025-07-10 14:00:00,AMEX:XLK,258.0,258.12,257.96,258.08,87.0
2025-07-10 14:15:00,AMEX:XLK,258.14,258.24,258.14,258.24,30.0
2025-07-10 14:30:00,AMEX:XLK,258.32,258.36,258.32,258.36,35.0
2025-07-10 14:45:00,AMEX:XLK,258.4,258.4,258.4,258.4,10.0
2025-07-10 15:00:00,AMEX:XLK,258.29,258.36,258.28,258.36,61.0
2025-07-10 15:15:00,AMEX:XLK,258.3,258.3,258.14,258.14,393.0
2025-07-10 15:30:00,AMEX:XLK,258.04,258.16,258.04,258.16,35.0
2025-07-10 15:45:00,AMEX:XLK,258.12,258.12,258.12,258.12,10.0
2025-07-10 16:00:00,AMEX:XLK,258.24,258.32,258.24,258.32,301.0
2025-07-10 16:15:00,AMEX:XLK,258.16,258.57,258.16,258.43,331.0
2025-07-10 16:30:00,AMEX:XLK,258.46,258.7,257.36,257.63,39977.0
2025-07-10 16:45:00,AMEX:XLK,257.64,257.72,256.28,256.65,24993.0
2025-07-10 17:00:00,AMEX:XLK,256.6,256.63,255.63,256.04,29611.0
2025-07-10 17:15:00,AMEX:XLK,256.03,256.52,255.96,256.26,37329.0
2025-07-10 17:30:00,AMEX:XLK,256.28,256.77,256.16,256.66,25058.0
2025-07-10 17:45:00,AMEX:XLK,256.65,256.88,256.43,256.59,23803.0
2025-07-10 18:00:00,AMEX:XLK,256.57,256.72,256.26,256.4,20978.0
2025-07-10 18:15:00,AMEX:XLK,256.42,257.16,256.39,257.09,32026.0
2025-07-10 18:30:00,AMEX:XLK,257.1,257.3,257.05,257.27,22816.0
2025-07-10 18:45:00,AMEX:XLK,257.31,257.39,257.2,257.305,14372.0
2025-07-10 19:00:00,AMEX:XLK,257.31,257.34,256.55,256.64,14635.0
2025-07-10 19:15:00,AMEX:XLK,256.63,257.2,256.56,257.17,11790.0
2025-07-10 19:30:00,AMEX:XLK,257.2,257.28,256.85,257.27,8848.0
2025-07-10 19:45:00,AMEX:XLK,257.29,257.29,257.0,257.1,10426.0
2025-07-10 20:00:00,AMEX:XLK,257.15,257.3,257.09,257.16,12430.0
2025-07-10 20:15:00,AMEX:XLK,257.16,257.43,257.06,257.371,11687.0
2025-07-10 20:30:00,AMEX:XLK,257.39,257.601,257.39,257.53,16943.0
2025-07-10 20:45:00,AMEX:XLK,257.54,257.725,257.47,257.57,11865.0
2025-07-10 21:00:00,AMEX:XLK,257.59,257.71,257.47,257.56,9230.0
2025-07-10 21:15:00,AMEX:XLK,257.54,257.67,257.5,257.5,9260.0
2025-07-10 21:30:00,AMEX:XLK,257.52,257.6,257.44,257.44,9181.0
2025-07-10 21:45:00,AMEX:XLK,257.43,257.54,257.4,257.51,14638.0
2025-07-10 22:00:00,AMEX:XLK,257.51,257.57,257.345,257.345,14993.0
2025-07-10 22:15:00,AMEX:XLK,257.35,257.44,257.21,257.24,17953.0
2025-07-10 22:30:00,AMEX:XLK,257.25,257.42,257.2,257.24,16181.0
2025-07-10 22:45:00,AMEX:XLK,257.24,257.24,256.66,257.0,71358.0
2025-07-10 23:15:00,AMEX:XLK,257.06,257.06,257.06,257.06,10.0
2025-07-10 23:30:00,AMEX:XLK,257.06,257.07,257.06,257.07,3.0
2025-07-11 00:15:00,AMEX:XLK,256.89,257.04,256.89,256.94,647.0
2025-07-11 02:00:00,AMEX:XLK,257.19,257.19,257.19,257.19,28.0
2025-07-11 02:15:00,AMEX:XLK,257.19,257.19,257.19,257.19,1.0
2025-07-11 11:00:00,AMEX:XLK,255.99,255.99,255.5,255.64,152.0
2025-07-11 11:15:00,AMEX:XLK,255.45,255.45,255.34,255.43,23.0
2025-07-11 11:30:00,AMEX:XLK,255.37,255.52,255.36,255.52,103.0
2025-07-11 12:15:00,AMEX:XLK,255.57,255.57,255.52,255.55,189.0
2025-07-11 12:30:00,AMEX:XLK,255.67,255.67,255.67,255.67,6.0
2025-07-11 12:45:00,AMEX:XLK,255.65,255.65,255.41,255.41,54.0
2025-07-11 13:00:00,AMEX:XLK,255.18,255.21,255.18,255.21,303.0
2025-07-11 13:15:00,AMEX:XLK,255.32,255.32,255.27,255.27,3.0
2025-07-11 13:30:00,AMEX:XLK,255.2,255.26,255.03,255.26,20.0
2025-07-11 13:45:00,AMEX:XLK,255.01,255.01,255.01,255.01,2.0
2025-07-11 14:00:00,AMEX:XLK,255.23,255.4,255.2,255.4,146.0
2025-07-11 14:15:00,AMEX:XLK,255.54,255.62,255.39,255.52,171.0
2025-07-11 14:30:00,AMEX:XLK,255.52,255.73,255.52,255.52,279.0
2025-07-11 14:45:00,AMEX:XLK,255.52,255.71,255.52,255.62,58.0
2025-07-11 15:00:00,AMEX:XLK,255.6,255.66,255.56,255.62,154.0
2025-07-11 15:15:00,AMEX:XLK,255.65,255.66,255.32,255.32,2894.0
2025-07-11 15:30:00,AMEX:XLK,255.31,255.54,255.31,255.33,222.0
2025-07-11 15:45:00,AMEX:XLK,255.42,255.57,255.42,255.51,47.0
2025-07-11 16:00:00,AMEX:XLK,255.42,255.53,255.42,255.53,202.0
2025-07-11 16:15:00,AMEX:XLK,255.38,255.59,255.38,255.52,404.0
2025-07-11 16:30:00,AMEX:XLK,255.595,256.23,255.43,255.575,37865.0
2025-07-11 16:45:00,AMEX:XLK,255.6,256.51,255.49,256.46,27127.0
2025-07-11 17:00:00,AMEX:XLK,256.47,256.88,256.35,256.86,17447.0
2025-07-11 17:15:00,AMEX:XLK,256.86,257.25,256.79,257.08,17751.0
2025-07-11 17:30:00,AMEX:XLK,257.07,257.34,256.92,257.08,18572.0
2025-07-11 17:45:00,AMEX:XLK,257.05,257.15,256.63,256.73,15808.0
2025-07-11 18:00:00,AMEX:XLK,256.77,256.83,256.13,256.13,10346.0
2025-07-11 18:15:00,AMEX:XLK,256.13,256.77,256.07,256.61,13596.0
2025-07-11 18:30:00,AMEX:XLK,256.6,257.15,256.6,257.07,12431.0
2025-07-11 18:45:00,AMEX:XLK,257.05,257.07,256.62,256.71,12324.0
2025-07-11 19:00:00,AMEX:XLK,256.72,256.95,256.65,256.74,13486.0
2025-07-11 19:15:00,AMEX:XLK,256.77,256.97,256.71,256.92,8504.0
2025-07-11 19:30:00,AMEX:XLK,256.89,257.0,256.61,256.66,7245.0
2025-07-11 19:45:00,AMEX:XLK,256.62,257.07,256.605,257.04,6695.0
2025-07-11 20:00:00,AMEX:XLK,257.03,257.17,256.88,256.88,13020.0
2025-07-11 20:15:00,AMEX:XLK,256.87,256.98,256.81,256.89,11085.0
2025-07-11 20:30:00,AMEX:XLK,256.89,256.95,256.26,256.38,17214.0
2025-07-11 20:45:00,AMEX:XLK,256.42,256.73,256.42,256.68,9001.0
2025-07-11 21:00:00,AMEX:XLK,256.68,256.82,256.53,256.61,7922.0
2025-07-11 21:15:00,AMEX:XLK,256.62,256.69,256.49,256.63,28188.0
2025-07-11 21:30:00,AMEX:XLK,256.63,256.85,256.6,256.67,14795.0
2025-07-11 21:45:00,AMEX:XLK,256.68,256.69,256.17,256.21,16808.0
2025-07-11 22:00:00,AMEX:XLK,256.2,256.23,255.62,256.205,22787.0
2025-07-11 22:15:00,AMEX:XLK,256.23,256.33,256.1,256.11,18125.0
2025-07-11 22:30:00,AMEX:XLK,256.1,256.16,255.93,255.96,17830.0
2025-07-11 22:45:00,AMEX:XLK,255.97,256.11,255.8,255.8,99999.0
2025-07-11 23:00:00,AMEX:XLK,255.94,255.94,255.94,255.94,10.0
2025-07-11 23:45:00,AMEX:XLK,255.68,255.68,255.68,255.68,1.0
2025-07-12 01:45:00,AMEX:XLK,255.65,255.65,255.65,255.65,202.0
2025-07-12 02:30:00,AMEX:XLK,255.66,255.66,255.66,255.66,12.0
2025-07-14 11:00:00,AMEX:XLK,255.0,255.0,254.61,254.7,124.0
2025-07-14 11:15:00,AMEX:XLK,254.68,254.76,254.62,254.62,151.0
2025-07-14 11:30:00,AMEX:XLK,254.65,254.7,254.65,254.7,13.0
2025-07-14 11:45:00,AMEX:XLK,254.72,254.72,254.64,254.64,20.0
2025-07-14 12:00:00,AMEX:XLK,254.81,254.95,254.81,254.95,45.0
2025-07-14 12:15:00,AMEX:XLK,255.0,255.0,254.87,254.93,40.0
2025-07-14 12:30:00,AMEX:XLK,254.98,255.04,254.88,255.04,30.0
2025-07-14 13:00:00,AMEX:XLK,255.0,255.04,254.9,254.92,359.0
2025-07-14 13:15:00,AMEX:XLK,254.82,254.91,254.82,254.89,85.0
2025-07-14 13:30:00,AMEX:XLK,254.85,254.85,254.85,254.85,1.0
2025-07-14 13:45:00,AMEX:XLK,254.67,254.67,254.65,254.65,50.0
2025-07-14 14:00:00,AMEX:XLK,254.77,254.82,254.66,254.82,210.0
2025-07-14 14:15:00,AMEX:XLK,254.72,254.72,254.56,254.7,471.0
2025-07-14 14:30:00,AMEX:XLK,254.6,254.6,254.6,254.6,8.0
2025-07-14 15:30:00,AMEX:XLK,254.97,254.97,254.97,254.97,3.0
2025-07-14 15:45:00,AMEX:XLK,254.97,254.97,254.87,254.87,48.0
2025-07-14 16:00:00,AMEX:XLK,254.95,254.95,254.85,254.92,645.0
2025-07-14 16:15:00,AMEX:XLK,254.97,255.13,254.97,255.11,158.0
2025-07-14 16:30:00,AMEX:XLK,255.29,255.41,253.31,253.345,41803.0
2025-07-14 16:45:00,AMEX:XLK,253.31,254.3,253.22,254.01,20442.0
2025-07-14 17:00:00,AMEX:XLK,254.03,254.59,253.96,254.58,14352.0
2025-07-14 17:15:00,AMEX:XLK,254.59,254.98,254.32,254.4,20497.0
2025-07-14 17:30:00,AMEX:XLK,254.46,254.82,254.27,254.82,13422.0
2025-07-14 17:45:00,AMEX:XLK,254.82,255.16,254.72,255.15,7870.0
2025-07-14 18:00:00,AMEX:XLK,255.15,255.68,255.1,255.42,18656.0
2025-07-14 18:15:00,AMEX:XLK,255.47,255.57,255.225,255.51,9865.0
2025-07-14 18:30:00,AMEX:XLK,255.5,255.61,255.34,255.54,15503.0
2025-07-14 18:45:00,AMEX:XLK,255.54,255.69,255.42,255.675,9423.0
2025-07-14 19:00:00,AMEX:XLK,255.63,256.05,255.6,255.94,9302.0
2025-07-14 19:15:00,AMEX:XLK,255.93,255.93,255.68,255.76,4538.0
2025-07-14 19:30:00,AMEX:XLK,255.72,255.87,255.53,255.75,4760.0
2025-07-14 19:45:00,AMEX:XLK,255.76,255.95,255.74,255.89,5014.0
2025-07-14 20:00:00,AMEX:XLK,255.85,255.99,255.85,255.99,9444.0
2025-07-14 20:15:00,AMEX:XLK,256.0,256.16,255.96,255.98,4373.0
2025-07-14 20:30:00,AMEX:XLK,255.995,256.26,255.99,256.1,9119.0
2025-07-14 20:45:00,AMEX:XLK,256.09,256.26,256.01,256.1,5294.0
2025-07-14 21:00:00,AMEX:XLK,256.09,256.155,255.94,256.14,6676.0
2025-07-14 21:15:00,AMEX:XLK,256.13,256.13,255.95,256.06,5240.0
2025-07-14 21:30:00,AMEX:XLK,256.05,256.1,255.95,256.1,5210.0
2025-07-14 21:45:00,AMEX:XLK,256.08,256.195,255.98,256.03,6187.0
2025-07-14 22:00:00,AMEX:XLK,256.05,256.12,255.82,255.88,9450.0
2025-07-14 22:15:00,AMEX:XLK,255.9,256.01,255.76,255.8,22299.0
2025-07-14 22:30:00,AMEX:XLK,255.81,255.81,255.54,255.62,11363.0
2025-07-14 22:45:00,AMEX:XLK,255.61,255.8,255.48,255.61,32382.0
2025-07-14 23:00:00,AMEX:XLK,255.46,255.46,255.46,255.46,13.0
2025-07-14 23:15:00,AMEX:XLK,255.48,255.49,255.48,255.48,205.0
2025-07-15 01:45:00,AMEX:XLK,255.7,255.7,255.7,255.7,8.0
2025-07-15 02:30:00,AMEX:XLK,255.51,255.51,255.5,255.5,115.0
2025-07-15 11:00:00,AMEX:XLK,257.77,257.99,257.72,257.99,4735.0
2025-07-15 11:15:00,AMEX:XLK,257.98,258.28,257.97,258.28,393.0
2025-07-15 11:30:00,AMEX:XLK,258.11,258.12,258.1,258.12,1207.0
2025-07-15 11:45:00,AMEX:XLK,258.12,258.14,258.08,258.14,694.0
2025-07-15 12:00:00,AMEX:XLK,258.2,258.24,258.2,258.24,400.0
2025-07-15 12:15:00,AMEX:XLK,258.22,258.39,258.21,258.33,1910.0
2025-07-15 12:30:00,AMEX:XLK,258.34,258.46,258.34,258.4,1039.0
2025-07-15 12:45:00,AMEX:XLK,258.35,258.36,258.35,258.36,150.0
2025-07-15 13:00:00,AMEX:XLK,258.38,258.38,258.28,258.28,175.0
2025-07-15 13:15:00,AMEX:XLK,258.3,258.3,258.3,258.3,141.0
2025-07-15 13:30:00,AMEX:XLK,258.41,258.54,258.41,258.54,29.0
2025-07-15 13:45:00,AMEX:XLK,258.36,258.36,258.36,258.36,6.0
2025-07-15 14:00:00,AMEX:XLK,258.3,258.43,258.16,258.32,931.0
2025-07-15 14:15:00,AMEX:XLK,258.42,258.51,258.35,258.42,545.0
2025-07-15 14:30:00,AMEX:XLK,258.33,258.38,258.33,258.36,127.0
2025-07-15 14:45:00,AMEX:XLK,258.35,258.35,258.23,258.32,1035.0
2025-07-15 15:00:00,AMEX:XLK,258.24,258.24,258.2,258.23,236.0
2025-07-15 15:15:00,AMEX:XLK,258.14,258.19,258.0,258.19,249.0
2025-07-15 15:30:00,AMEX:XLK,258.2,258.53,258.2,258.25,1308.0
2025-07-15 15:45:00,AMEX:XLK,258.5,258.66,258.46,258.66,744.0
2025-07-15 16:00:00,AMEX:XLK,258.6,258.63,258.51,258.6,833.0
2025-07-15 16:15:00,AMEX:XLK,258.48,258.75,258.48,258.63,304.0
2025-07-15 16:30:00,AMEX:XLK,258.655,259.23,258.38,258.97,59056.0
2025-07-15 16:45:00,AMEX:XLK,258.95,259.1,258.11,258.19,34884.0
2025-07-15 17:00:00,AMEX:XLK,258.205,259.06,257.95,259.03,37110.0
2025-07-15 17:15:00,AMEX:XLK,259.02,259.12,258.79,259.06,17477.0
2025-07-15 17:30:00,AMEX:XLK,258.95,259.13,258.52,258.58,27750.0
2025-07-15 17:45:00,AMEX:XLK,258.65,258.85,258.03,258.03,30209.0
2025-07-15 18:00:00,AMEX:XLK,258.05,258.74,258.02,258.5,15182.0
2025-07-15 18:15:00,AMEX:XLK,258.48,259.03,258.41,259.0,25507.0
2025-07-15 18:30:00,AMEX:XLK,259.0,259.0,258.735,258.9,13102.0
2025-07-15 18:45:00,AMEX:XLK,258.9,259.02,258.54,258.68,20541.0
2025-07-15 19:00:00,AMEX:XLK,258.69,258.78,258.42,258.6,13441.0
2025-07-15 19:15:00,AMEX:XLK,258.59,258.78,258.52,258.66,10510.0
2025-07-15 19:30:00,AMEX:XLK,258.68,258.86,258.45,258.55,10955.0
2025-07-15 19:45:00,AMEX:XLK,258.58,258.72,257.82,258.07,20866.0
2025-07-15 20:00:00,AMEX:XLK,258.06,258.44,258.0,258.0,12530.0
2025-07-15 20:15:00,AMEX:XLK,258.04,258.3,257.87,258.27,10906.0
2025-07-15 20:30:00,AMEX:XLK,258.27,258.57,258.245,258.46,7157.0
2025-07-15 20:45:00,AMEX:XLK,258.48,259.03,258.42,259.03,13962.0
2025-07-15 21:00:00,AMEX:XLK,259.05,259.11,258.91,259.04,17602.0
2025-07-15 21:15:00,AMEX:XLK,259.07,259.11,258.925,258.98,20164.0
2025-07-15 21:30:00,AMEX:XLK,259.01,259.08,258.72,258.8,32956.0
2025-07-15 21:45:00,AMEX:XLK,258.76,258.84,258.14,258.16,24387.0
2025-07-15 22:00:00,AMEX:XLK,258.13,258.5,258.01,258.28,20913.0
2025-07-15 22:15:00,AMEX:XLK,258.27,258.33,257.98,258.06,35424.0
2025-07-15 22:30:00,AMEX:XLK,258.06,258.37,257.95,258.33,37202.0
2025-07-15 22:45:00,AMEX:XLK,258.32,258.4,257.85,257.86,198472.0
2025-07-15 23:00:00,AMEX:XLK,257.53,257.53,257.37,257.37,120.0
2025-07-15 23:45:00,AMEX:XLK,257.33,257.33,257.33,257.33,4.0
2025-07-16 00:00:00,AMEX:XLK,257.42,257.43,257.16,257.16,32.0
2025-07-16 00:30:00,AMEX:XLK,257.29,257.29,257.25,257.25,14.0
2025-07-16 01:00:00,AMEX:XLK,257.2,257.2,257.2,257.2,10.0
2025-07-16 01:30:00,AMEX:XLK,257.1,257.1,256.93,256.93,199.0
2025-07-16 02:00:00,AMEX:XLK,257.25,257.25,257.2,257.25,155.0
2025-07-16 02:30:00,AMEX:XLK,257.16,257.16,257.16,257.16,1.0
2025-07-16 11:00:00,AMEX:XLK,257.07,257.12,257.01,257.03,211.0
2025-07-16 11:15:00,AMEX:XLK,256.98,257.09,256.98,257.09,26.0
2025-07-16 11:30:00,AMEX:XLK,257.08,257.08,257.08,257.08,35.0
2025-07-16 11:45:00,AMEX:XLK,257.07,257.07,257.07,257.07,10.0
2025-07-16 12:00:00,AMEX:XLK,256.88,256.88,256.88,256.88,1.0
2025-07-16 12:45:00,AMEX:XLK,257.1,257.1,257.1,257.1,12.0
2025-07-16 13:30:00,AMEX:XLK,257.19,257.19,257.19,257.19,16.0
2025-07-16 14:00:00,AMEX:XLK,257.36,257.39,257.28,257.28,123.0
2025-07-16 14:15:00,AMEX:XLK,257.26,257.29,257.26,257.28,128.0
2025-07-16 14:30:00,AMEX:XLK,257.29,257.4,257.16,257.16,1035.0
2025-07-16 15:00:00,AMEX:XLK,257.41,257.5,257.41,257.5,322.0
2025-07-16 15:15:00,AMEX:XLK,257.61,257.64,257.54,257.64,404.0
2025-07-16 15:30:00,AMEX:XLK,257.65,258.1,257.65,257.9,720.0
2025-07-16 15:45:00,AMEX:XLK,258.02,258.02,257.97,257.99,25.0
2025-07-16 16:00:00,AMEX:XLK,257.94,257.94,257.94,257.94,5.0
2025-07-16 16:15:00,AMEX:XLK,257.91,258.14,257.91,258.09,331.0
2025-07-16 16:30:00,AMEX:XLK,258.06,258.215,257.23,257.29,50057.0
2025-07-16 16:45:00,AMEX:XLK,257.23,257.35,256.58,256.835,47091.0
2025-07-16 17:00:00,AMEX:XLK,256.8,257.21,256.62,257.0,29463.0
2025-07-16 17:15:00,AMEX:XLK,256.99,257.25,256.77,257.1,31068.0
2025-07-16 17:30:00,AMEX:XLK,257.09,257.38,256.74,256.835,38830.0
2025-07-16 17:45:00,AMEX:XLK,256.85,257.25,256.39,256.67,101470.0
2025-07-16 18:00:00,AMEX:XLK,256.785,257.32,256.69,257.3,13555.0
2025-07-16 18:15:00,AMEX:XLK,257.27,257.32,255.74,256.58,119816.0
2025-07-16 18:30:00,AMEX:XLK,256.56,256.56,254.83,255.97,67988.0
2025-07-16 18:45:00,AMEX:XLK,256.05,257.27,255.89,256.85,106399.0
2025-07-16 19:00:00,AMEX:XLK,256.81,257.01,256.54,256.75,18467.0
2025-07-16 19:15:00,AMEX:XLK,256.775,256.96,256.38,256.69,9170.0
2025-07-16 19:30:00,AMEX:XLK,256.7,257.0,256.66,256.9,14352.0
2025-07-16 19:45:00,AMEX:XLK,256.905,257.67,256.51,257.65,35968.0
2025-07-16 20:00:00,AMEX:XLK,257.63,257.97,257.515,257.83,24389.0
2025-07-16 20:15:00,AMEX:XLK,257.83,257.92,257.65,257.66,18975.0
2025-07-16 20:30:00,AMEX:XLK,257.65,257.8,257.58,257.66,16836.0
2025-07-16 20:45:00,AMEX:XLK,257.65,257.75,257.5,257.59,13799.0
2025-07-16 21:00:00,AMEX:XLK,257.585,257.65,257.45,257.61,11743.0
2025-07-16 21:15:00,AMEX:XLK,257.655,257.97,257.48,257.925,12484.0
2025-07-16 21:30:00,AMEX:XLK,257.955,258.13,257.89,258.11,13149.0
2025-07-16 21:45:00,AMEX:XLK,258.11,258.25,257.93,258.24,11379.0
2025-07-16 22:00:00,AMEX:XLK,258.24,258.36,258.195,258.24,13290.0
2025-07-16 22:15:00,AMEX:XLK,258.24,258.34,258.15,258.33,14536.0
2025-07-16 22:30:00,AMEX:XLK,258.31,258.85,258.27,258.76,38493.0
2025-07-16 22:45:00,AMEX:XLK,258.75,258.83,258.61,258.65,151663.0
2025-07-16 23:00:00,AMEX:XLK,258.68,258.68,258.29,258.38,245.0
2025-07-16 23:15:00,AMEX:XLK,258.23,258.23,258.21,258.22,214.0
2025-07-17 00:15:00,AMEX:XLK,258.42,258.43,258.42,258.42,6.0
2025-07-17 00:30:00,AMEX:XLK,258.5,258.5,258.5,258.5,8.0
2025-07-17 00:45:00,AMEX:XLK,258.51,258.51,258.51,258.51,77.0
2025-07-17 01:00:00,AMEX:XLK,258.51,258.51,258.5,258.5,415.0
2025-07-17 02:30:00,AMEX:XLK,258.3,258.3,258.3,258.3,15.0
2025-07-17 11:00:00,AMEX:XLK,259.11,259.24,259.07,259.07,1159.0
2025-07-17 11:30:00,AMEX:XLK,259.12,259.12,259.12,259.12,5.0
2025-07-17 11:45:00,AMEX:XLK,259.15,259.15,259.12,259.12,36.0
2025-07-17 12:00:00,AMEX:XLK,259.12,259.12,259.12,259.12,1.0
2025-07-17 12:15:00,AMEX:XLK,259.35,259.35,259.3,259.3,20.0
2025-07-17 12:30:00,AMEX:XLK,259.28,259.36,259.27,259.36,101.0
2025-07-17 12:45:00,AMEX:XLK,259.36,259.36,259.29,259.29,123.0
2025-07-17 13:00:00,AMEX:XLK,259.26,259.26,259.26,259.26,46.0
2025-07-17 13:30:00,AMEX:XLK,259.17,259.17,259.15,259.15,90.0
2025-07-17 13:45:00,AMEX:XLK,259.28,259.28,259.02,259.02,60.0
2025-07-17 14:00:00,AMEX:XLK,258.85,258.85,258.85,258.85,40.0
2025-07-17 14:15:00,AMEX:XLK,258.77,258.8,258.77,258.8,189.0
2025-07-17 14:30:00,AMEX:XLK,258.8,258.8,258.7,258.7,39.0
2025-07-17 14:45:00,AMEX:XLK,258.64,258.64,258.64,258.64,2.0
2025-07-17 15:00:00,AMEX:XLK,258.77,258.89,258.77,258.79,255.0
2025-07-17 15:15:00,AMEX:XLK,258.64,258.7,258.64,258.7,106.0
2025-07-17 15:30:00,AMEX:XLK,258.9,259.14,258.88,259.14,1104.0
2025-07-17 15:45:00,AMEX:XLK,259.25,259.42,259.2,259.42,267.0
2025-07-17 16:00:00,AMEX:XLK,259.4,259.46,259.28,259.28,67.0
2025-07-17 16:15:00,AMEX:XLK,259.29,259.29,259.0,259.0,139.0
2025-07-17 16:30:00,AMEX:XLK,259.02,259.52,258.51,259.45,72358.0
2025-07-17 16:45:00,AMEX:XLK,259.46,260.13,259.4,260.07,29183.0
2025-07-17 17:00:00,AMEX:XLK,260.11,260.51,259.88,260.04,20755.0
2025-07-17 17:15:00,AMEX:XLK,260.0,260.06,259.43,260.01,17457.0
2025-07-17 17:30:00,AMEX:XLK,260.02,260.36,259.9,260.31,17431.0
2025-07-17 17:45:00,AMEX:XLK,260.315,260.58,260.22,260.52,15282.0
2025-07-17 18:00:00,AMEX:XLK,260.53,261.08,260.51,260.995,19288.0
2025-07-17 18:15:00,AMEX:XLK,260.98,261.0,260.69,260.77,9431.0
2025-07-17 18:30:00,AMEX:XLK,260.77,261.05,260.73,261.02,12483.0
2025-07-17 18:45:00,AMEX:XLK,261.03,261.13,260.95,261.13,10836.0
2025-07-17 19:00:00,AMEX:XLK,261.12,261.33,261.09,261.19,9366.0
2025-07-17 19:15:00,AMEX:XLK,261.2,261.46,261.05,261.27,15041.0
2025-07-17 19:30:00,AMEX:XLK,261.26,261.29,261.09,261.17,6074.0
2025-07-17 19:45:00,AMEX:XLK,261.14,261.3,261.1,261.14,4530.0
2025-07-17 20:00:00,AMEX:XLK,261.12,261.21,261.07,261.17,6139.0
2025-07-17 20:15:00,AMEX:XLK,261.18,261.27,261.01,261.21,16206.0
2025-07-17 20:30:00,AMEX:XLK,261.25,261.32,261.17,261.29,7521.0
2025-07-17 20:45:00,AMEX:XLK,261.28,261.445,261.22,261.42,10038.0
2025-07-17 21:00:00,AMEX:XLK,261.42,261.44,260.89,260.94,9659.0
2025-07-17 21:15:00,AMEX:XLK,260.93,261.09,260.91,261.07,6003.0
2025-07-17 21:30:00,AMEX:XLK,261.075,261.145,260.95,261.09,6449.0
2025-07-17 21:45:00,AMEX:XLK,261.09,261.235,261.03,261.05,7900.0
2025-07-17 22:00:00,AMEX:XLK,261.07,261.25,261.03,261.1,16234.0
2025-07-17 22:15:00,AMEX:XLK,261.1,261.19,261.05,261.14,26549.0
2025-07-17 22:30:00,AMEX:XLK,261.13,261.25,260.99,261.0,51967.0
2025-07-17 22:45:00,AMEX:XLK,261.0,261.335,260.95,261.07,154240.0
2025-07-17 23:00:00,AMEX:XLK,261.08,261.08,261.08,261.08,13.0
2025-07-17 23:15:00,AMEX:XLK,261.09,261.09,261.02,261.02,106.0
2025-07-17 23:45:00,AMEX:XLK,261.08,261.08,261.08,261.08,100.0
2025-07-18 00:00:00,AMEX:XLK,261.08,261.08,261.08,261.08,5.0
2025-07-18 00:15:00,AMEX:XLK,261.15,261.15,261.0,261.0,242.0
2025-07-18 00:45:00,AMEX:XLK,261.02,261.02,261.02,261.02,1.0
2025-07-18 01:45:00,AMEX:XLK,261.02,261.03,261.0,261.03,139.0
2025-07-18 02:15:00,AMEX:XLK,261.29,261.29,261.29,261.29,20.0
2025-07-18 11:15:00,AMEX:XLK,261.51,261.73,261.49,261.73,215.0
2025-07-18 11:30:00,AMEX:XLK,261.71,261.71,261.57,261.57,467.0
2025-07-18 11:45:00,AMEX:XLK,261.47,261.47,261.47,261.47,2.0
2025-07-18 12:00:00,AMEX:XLK,261.65,261.65,261.65,261.65,60.0
2025-07-18 12:15:00,AMEX:XLK,261.7,261.7,261.7,261.7,50.0
2025-07-18 12:45:00,AMEX:XLK,261.64,261.64,261.64,261.64,2.0
2025-07-18 13:15:00,AMEX:XLK,261.54,261.54,261.38,261.38,214.0
2025-07-18 13:30:00,AMEX:XLK,261.31,261.31,261.3,261.3,470.0
2025-07-18 14:00:00,AMEX:XLK,261.46,261.46,261.41,261.41,276.0
2025-07-18 14:45:00,AMEX:XLK,261.39,261.41,261.39,261.41,11.0
2025-07-18 15:00:00,AMEX:XLK,261.4,261.41,261.4,261.4,220.0
2025-07-18 15:15:00,AMEX:XLK,261.4,261.5,261.33,261.33,757.0
2025-07-18 15:30:00,AMEX:XLK,261.41,261.42,261.38,261.38,64.0
2025-07-18 16:00:00,AMEX:XLK,261.4,261.6,261.39,261.6,467.0
2025-07-18 16:15:00,AMEX:XLK,261.45,262.35,261.38,261.73,5562.0
2025-07-18 16:30:00,AMEX:XLK,261.79,262.02,261.22,261.53,40389.0
2025-07-18 16:45:00,AMEX:XLK,261.52,261.8,261.21,261.37,44532.0
2025-07-18 17:00:00,AMEX:XLK,261.36,261.7,260.95,260.96,30602.0
2025-07-18 17:15:00,AMEX:XLK,260.97,260.99,260.25,260.4,50934.0
2025-07-18 17:30:00,AMEX:XLK,260.365,260.96,260.365,260.96,15325.0
2025-07-18 17:45:00,AMEX:XLK,260.97,261.05,260.6,260.66,9528.0
2025-07-18 18:00:00,AMEX:XLK,260.62,260.65,260.19,260.54,12444.0
2025-07-18 18:15:00,AMEX:XLK,260.57,260.78,260.49,260.65,7295.0
2025-07-18 18:30:00,AMEX:XLK,260.67,260.97,260.64,260.96,10925.0
2025-07-18 18:45:00,AMEX:XLK,260.98,261.16,260.93,261.15,12634.0
2025-07-18 19:00:00,AMEX:XLK,261.15,261.17,260.86,260.89,11672.0
2025-07-18 19:15:00,AMEX:XLK,260.86,260.9,260.33,260.57,30371.0
2025-07-18 19:30:00,AMEX:XLK,260.55,260.7,260.22,260.68,34398.0
2025-07-18 19:45:00,AMEX:XLK,260.68,260.75,260.42,260.51,19853.0
2025-07-18 20:00:00,AMEX:XLK,260.5,260.705,260.28,260.67,22570.0
2025-07-18 20:15:00,AMEX:XLK,260.7,260.875,260.56,260.79,22212.0
2025-07-18 20:30:00,AMEX:XLK,260.78,260.94,260.7,260.77,10223.0
2025-07-18 20:45:00,AMEX:XLK,260.73,260.78,260.48,260.63,8741.0
2025-07-18 21:00:00,AMEX:XLK,260.63,260.88,260.63,260.72,11506.0
2025-07-18 21:15:00,AMEX:XLK,260.72,260.85,260.63,260.83,13463.0
2025-07-18 21:30:00,AMEX:XLK,260.82,260.94,260.77,260.85,14186.0
2025-07-18 21:45:00,AMEX:XLK,260.85,260.86,260.64,260.67,14305.0
2025-07-18 22:00:00,AMEX:XLK,260.69,260.81,260.64,260.8,13099.0
2025-07-18 22:15:00,AMEX:XLK,260.795,261.07,260.75,260.765,14315.0
2025-07-18 22:30:00,AMEX:XLK,260.76,260.82,260.63,260.73,12887.0
2025-07-18 22:45:00,AMEX:XLK,260.73,260.97,260.7,260.88,54359.0
2025-07-18 23:00:00,AMEX:XLK,260.8,260.85,260.79,260.79,123.0
2025-07-18 23:15:00,AMEX:XLK,260.81,260.81,260.8,260.8,104.0
2025-07-18 23:30:00,AMEX:XLK,260.85,260.85,260.85,260.85,61.0
2025-07-19 00:00:00,AMEX:XLK,260.89,260.89,260.89,260.89,20.0
2025-07-19 00:15:00,AMEX:XLK,261.03,261.03,261.03,261.03,20.0
2025-07-19 02:30:00,AMEX:XLK,260.87,260.87,260.87,260.87,1.0
2025-07-21 11:00:00,AMEX:XLK,261.62,261.62,261.62,261.62,5.0
2025-07-21 11:15:00,AMEX:XLK,261.39,261.6,261.39,261.6,308.0
2025-07-21 11:45:00,AMEX:XLK,261.42,261.42,261.42,261.42,10.0
2025-07-21 12:00:00,AMEX:XLK,261.54,261.58,261.46,261.58,175.0
2025-07-21 12:15:00,AMEX:XLK,261.62,261.62,261.62,261.62,1.0
2025-07-21 13:00:00,AMEX:XLK,261.65,261.65,261.65,261.65,90.0
2025-07-21 13:45:00,AMEX:XLK,261.41,261.41,261.41,261.41,40.0
2025-07-21 14:00:00,AMEX:XLK,261.55,261.58,261.4,261.4,768.0
2025-07-21 14:15:00,AMEX:XLK,261.38,261.47,261.38,261.47,44.0
2025-07-21 14:30:00,AMEX:XLK,261.47,261.47,261.47,261.47,6.0
2025-07-21 14:45:00,AMEX:XLK,261.44,261.44,261.3,261.3,515.0
2025-07-21 15:00:00,AMEX:XLK,261.33,261.41,261.24,261.39,434.0
2025-07-21 15:15:00,AMEX:XLK,261.26,261.26,261.23,261.23,41.0
2025-07-21 15:30:00,AMEX:XLK,261.28,261.28,261.18,261.18,673.0
2025-07-21 15:45:00,AMEX:XLK,261.15,261.19,260.9,260.9,871.0
2025-07-21 16:00:00,AMEX:XLK,260.85,260.85,260.69,260.81,125.0
2025-07-21 16:15:00,AMEX:XLK,260.95,261.09,260.94,261.07,153.0
2025-07-21 16:30:00,AMEX:XLK,261.05,262.015,260.89,261.74,26566.0
2025-07-21 16:45:00,AMEX:XLK,261.77,262.625,261.77,262.48,26313.0
2025-07-21 17:00:00,AMEX:XLK,262.53,262.72,262.4,262.66,24256.0
2025-07-21 17:15:00,AMEX:XLK,262.68,262.85,262.36,262.84,41189.0
2025-07-21 17:30:00,AMEX:XLK,262.85,263.02,262.55,262.62,19154.0
2025-07-21 17:45:00,AMEX:XLK,262.64,262.64,262.27,262.51,13787.0
2025-07-21 18:00:00,AMEX:XLK,262.545,262.56,262.25,262.53,16023.0
2025-07-21 18:15:00,AMEX:XLK,262.525,262.56,262.31,262.41,12169.0
2025-07-21 18:30:00,AMEX:XLK,262.45,262.61,262.4,262.53,13983.0
2025-07-21 18:45:00,AMEX:XLK,262.54,262.57,262.24,262.31,13175.0
2025-07-21 19:00:00,AMEX:XLK,262.305,262.42,262.06,262.15,24327.0
2025-07-21 19:15:00,AMEX:XLK,262.15,262.205,261.78,262.05,12632.0
2025-07-21 19:30:00,AMEX:XLK,262.04,262.21,262.02,262.2,8402.0
2025-07-21 19:45:00,AMEX:XLK,262.19,262.48,262.16,262.42,7449.0
2025-07-21 20:00:00,AMEX:XLK,262.43,262.53,262.31,262.4,9198.0
2025-07-21 20:15:00,AMEX:XLK,262.39,262.59,262.35,262.57,7779.0
2025-07-21 20:30:00,AMEX:XLK,262.56,262.595,262.46,262.46,9492.0
2025-07-21 20:45:00,AMEX:XLK,262.46,262.55,262.35,262.35,6375.0
2025-07-21 21:00:00,AMEX:XLK,262.32,262.37,262.04,262.15,9990.0
2025-07-21 21:15:00,AMEX:XLK,262.14,262.38,262.14,262.34,10923.0
2025-07-21 21:30:00,AMEX:XLK,262.34,262.35,262.11,262.16,9406.0
2025-07-21 21:45:00,AMEX:XLK,262.16,262.21,261.915,262.0,15916.0
2025-07-21 22:00:00,AMEX:XLK,262.02,262.04,261.61,261.77,32897.0
2025-07-21 22:15:00,AMEX:XLK,261.73,261.83,261.6,261.64,14757.0
2025-07-21 22:30:00,AMEX:XLK,261.65,261.78,261.44,261.48,26552.0
2025-07-21 22:45:00,AMEX:XLK,261.47,261.52,261.1,261.32,55497.0
2025-07-21 23:00:00,AMEX:XLK,261.34,261.34,261.34,261.34,13.0
2025-07-21 23:15:00,AMEX:XLK,261.08,261.08,261.0,261.0,429.0
2025-07-21 23:45:00,AMEX:XLK,261.01,261.05,261.01,261.05,41.0
2025-07-22 00:00:00,AMEX:XLK,261.09,261.1,261.0,261.0,468.0
2025-07-22 00:15:00,AMEX:XLK,260.81,260.81,260.75,260.78,41.0
2025-07-22 01:00:00,AMEX:XLK,260.77,260.77,260.71,260.76,150.0
2025-07-22 01:45:00,AMEX:XLK,260.75,260.75,260.74,260.75,21.0
2025-07-22 02:00:00,AMEX:XLK,260.84,260.84,260.84,260.84,9.0
2025-07-22 02:30:00,AMEX:XLK,260.85,260.85,260.85,260.85,1.0
2025-07-22 11:00:00,AMEX:XLK,260.89,260.89,260.56,260.56,112.0
2025-07-22 11:15:00,AMEX:XLK,260.42,260.42,260.3,260.39,88.0
2025-07-22 11:30:00,AMEX:XLK,260.46,260.46,260.19,260.19,2.0
2025-07-22 11:45:00,AMEX:XLK,260.07,260.07,260.07,260.07,6.0
2025-07-22 12:15:00,AMEX:XLK,259.97,259.97,259.97,259.97,26.0
2025-07-22 12:30:00,AMEX:XLK,259.97,259.97,259.97,259.97,50.0
2025-07-22 12:45:00,AMEX:XLK,259.96,259.96,259.96,259.96,21.0
2025-07-22 13:00:00,AMEX:XLK,259.96,260.2,259.96,260.2,60.0
2025-07-22 13:15:00,AMEX:XLK,260.18,260.18,259.97,260.04,118.0
2025-07-22 13:30:00,AMEX:XLK,260.07,260.07,260.07,260.07,25.0
2025-07-22 14:00:00,AMEX:XLK,260.27,260.64,260.27,260.43,120.0
2025-07-22 14:15:00,AMEX:XLK,260.48,260.48,260.38,260.46,60.0
2025-07-22 14:30:00,AMEX:XLK,260.45,260.45,260.45,260.45,26.0
2025-07-22 14:45:00,AMEX:XLK,260.58,260.63,260.58,260.63,322.0
2025-07-22 15:00:00,AMEX:XLK,260.73,260.73,260.73,260.73,50.0
2025-07-22 15:45:00,AMEX:XLK,260.76,260.9,260.76,260.79,36.0
2025-07-22 16:15:00,AMEX:XLK,260.91,261.0,260.82,261.0,380.0
2025-07-22 16:30:00,AMEX:XLK,261.23,261.23,259.37,259.64,43446.0
2025-07-22 16:45:00,AMEX:XLK,259.59,259.59,256.97,257.51,54843.0
2025-07-22 17:00:00,AMEX:XLK,257.48,258.54,257.24,258.37,36103.0
2025-07-22 17:15:00,AMEX:XLK,258.48,258.63,257.93,258.11,15919.0
2025-07-22 17:30:00,AMEX:XLK,258.12,259.15,258.1,258.95,18465.0
2025-07-22 17:45:00,AMEX:XLK,258.96,259.14,258.72,259.03,16794.0
2025-07-22 18:00:00,AMEX:XLK,259.05,259.21,258.875,258.92,12350.0
2025-07-22 18:15:00,AMEX:XLK,258.9,259.08,258.82,258.925,12955.0
2025-07-22 18:30:00,AMEX:XLK,258.935,259.35,258.89,259.07,21618.0
2025-07-22 18:45:00,AMEX:XLK,259.07,259.35,258.95,259.005,17610.0
2025-07-22 19:00:00,AMEX:XLK,258.995,259.07,258.66,258.84,19330.0
2025-07-22 19:15:00,AMEX:XLK,258.83,259.16,258.24,258.32,15994.0
2025-07-22 19:30:00,AMEX:XLK,258.29,258.54,258.09,258.24,10002.0
2025-07-22 19:45:00,AMEX:XLK,258.28,258.66,258.2,258.63,11276.0
2025-07-22 20:00:00,AMEX:XLK,258.645,258.72,258.54,258.63,8813.0
2025-07-22 20:15:00,AMEX:XLK,258.67,259.24,258.61,259.16,18132.0
2025-07-22 20:30:00,AMEX:XLK,259.17,259.2,258.77,258.915,10237.0
2025-07-22 20:45:00,AMEX:XLK,258.87,258.94,258.76,258.93,4869.0
2025-07-22 21:00:00,AMEX:XLK,258.91,259.06,258.75,258.755,7134.0
2025-07-22 21:15:00,AMEX:XLK,258.76,258.83,258.17,258.72,29790.0
2025-07-22 21:30:00,AMEX:XLK,258.7,259.11,258.7,259.02,8981.0
2025-07-22 21:45:00,AMEX:XLK,259.01,259.21,258.96,259.16,14674.0
2025-07-22 22:00:00,AMEX:XLK,259.12,259.23,258.91,258.95,22636.0
2025-07-22 22:15:00,AMEX:XLK,258.94,259.06,258.89,259.01,16607.0
2025-07-22 22:30:00,AMEX:XLK,258.99,259.23,258.91,258.98,20702.0
2025-07-22 22:45:00,AMEX:XLK,258.97,259.095,258.73,258.75,110020.0
2025-07-22 23:00:00,AMEX:XLK,258.78,258.79,258.6,258.6,1578.0
2025-07-22 23:15:00,AMEX:XLK,258.0,258.05,257.93,258.05,69.0
2025-07-22 23:30:00,AMEX:XLK,258.03,258.03,258.03,258.03,60.0
2025-07-22 23:45:00,AMEX:XLK,258.02,258.04,258.02,258.04,10.0
2025-07-23 00:00:00,AMEX:XLK,257.97,257.97,257.79,257.79,784.0
2025-07-23 00:15:00,AMEX:XLK,257.68,258.0,257.66,258.0,107.0
2025-07-23 00:30:00,AMEX:XLK,257.71,257.71,257.71,257.71,9.0
2025-07-23 01:00:00,AMEX:XLK,258.0,258.0,258.0,258.0,1.0
2025-07-23 01:15:00,AMEX:XLK,258.04,258.04,257.95,257.95,3.0
2025-07-23 01:30:00,AMEX:XLK,257.88,257.95,257.88,257.95,4.0
2025-07-23 02:00:00,AMEX:XLK,257.95,257.95,257.95,257.95,1.0
2025-07-23 02:30:00,AMEX:XLK,258.33,258.5,258.33,258.49,317.0
2025-07-23 02:45:00,AMEX:XLK,258.49,258.7,258.49,258.7,515.0
2025-07-23 11:00:00,AMEX:XLK,258.99,259.04,258.99,259.04,69.0
2025-07-23 12:00:00,AMEX:XLK,259.04,259.04,259.04,259.04,1.0
2025-07-23 12:15:00,AMEX:XLK,259.0,259.06,259.0,259.02,138.0
2025-07-23 13:00:00,AMEX:XLK,258.9,258.9,258.9,258.9,1.0
2025-07-23 14:00:00,AMEX:XLK,258.75,258.75,258.71,258.71,5.0
2025-07-23 14:45:00,AMEX:XLK,259.0,259.0,259.0,259.0,1.0
2025-07-23 15:00:00,AMEX:XLK,259.03,259.11,259.03,259.11,52.0
2025-07-23 15:15:00,AMEX:XLK,259.2,259.2,259.2,259.2,1.0
2025-07-23 15:30:00,AMEX:XLK,259.09,259.14,259.09,259.14,52.0
2025-07-23 15:45:00,AMEX:XLK,259.18,259.18,259.18,259.18,10.0
2025-07-23 16:00:00,AMEX:XLK,259.15,259.15,259.15,259.15,2.0
2025-07-23 16:15:00,AMEX:XLK,259.1,259.3,259.09,259.27,250.0
2025-07-23 16:30:00,AMEX:XLK,259.48,259.62,258.35,258.57,50856.0
2025-07-23 16:45:00,AMEX:XLK,258.51,258.63,258.09,258.11,31087.0
2025-07-23 17:00:00,AMEX:XLK,258.14,258.46,257.97,258.07,10205.0
2025-07-23 17:15:00,AMEX:XLK,258.09,258.85,258.09,258.78,8856.0
2025-07-23 17:30:00,AMEX:XLK,258.86,258.86,258.25,258.58,6142.0
2025-07-23 17:45:00,AMEX:XLK,258.54,258.97,258.5,258.93,3639.0
2025-07-23 18:00:00,AMEX:XLK,258.95,259.24,258.68,258.84,11454.0
2025-07-23 18:15:00,AMEX:XLK,258.82,259.26,258.82,259.15,6893.0
2025-07-23 18:30:00,AMEX:XLK,259.13,259.2,258.91,259.2,5587.0
2025-07-23 18:45:00,AMEX:XLK,259.22,260.11,259.1,259.73,60739.0
2025-07-23 19:00:00,AMEX:XLK,259.65,259.8,259.32,259.48,13361.0
2025-07-23 19:15:00,AMEX:XLK,259.49,259.62,258.98,259.19,16165.0
2025-07-23 19:30:00,AMEX:XLK,259.18,259.55,259.15,259.55,6887.0
2025-07-23 19:45:00,AMEX:XLK,259.55,259.68,259.46,259.64,8036.0
2025-07-23 20:00:00,AMEX:XLK,259.65,259.78,259.49,259.49,9083.0
2025-07-23 20:15:00,AMEX:XLK,259.49,259.52,259.31,259.365,4988.0
2025-07-23 20:30:00,AMEX:XLK,259.35,259.68,259.35,259.635,6828.0
2025-07-23 20:45:00,AMEX:XLK,259.65,259.76,259.25,259.71,40342.0
2025-07-23 21:00:00,AMEX:XLK,259.72,260.18,259.72,260.16,25849.0
2025-07-23 21:15:00,AMEX:XLK,260.19,260.62,260.12,260.14,27598.0
2025-07-23 21:30:00,AMEX:XLK,260.13,260.28,260.03,260.24,19857.0
2025-07-23 21:45:00,AMEX:XLK,260.24,260.36,260.1,260.235,6505.0
2025-07-23 22:00:00,AMEX:XLK,260.24,260.25,260.01,260.06,8526.0
2025-07-23 22:15:00,AMEX:XLK,260.0,260.11,259.93,260.03,7112.0
2025-07-23 22:30:00,AMEX:XLK,260.025,260.04,259.67,259.71,12409.0
2025-07-23 22:45:00,AMEX:XLK,259.71,260.38,259.7,260.37,102286.0
2025-07-23 23:00:00,AMEX:XLK,260.52,261.24,260.36,261.24,1117.0
2025-07-23 23:15:00,AMEX:XLK,261.27,261.27,260.97,260.97,14.0
2025-07-23 23:30:00,AMEX:XLK,261.17,261.25,261.17,261.25,652.0
2025-07-24 00:00:00,AMEX:XLK,261.31,261.43,260.96,260.96,395.0
2025-07-24 00:30:00,AMEX:XLK,261.14,261.14,261.14,261.14,25.0
2025-07-24 00:45:00,AMEX:XLK,261.14,261.15,261.14,261.15,11.0
2025-07-24 01:15:00,AMEX:XLK,261.24,261.24,261.24,261.24,1.0
2025-07-24 01:30:00,AMEX:XLK,261.24,261.24,261.05,261.14,551.0
2025-07-24 11:00:00,AMEX:XLK,260.99,261.0,260.99,261.0,30.0
2025-07-24 11:15:00,AMEX:XLK,261.0,261.0,261.0,261.0,4.0
2025-07-24 12:30:00,AMEX:XLK,261.15,261.16,261.15,261.16,100.0
2025-07-24 12:45:00,AMEX:XLK,261.07,261.08,261.05,261.05,948.0
2025-07-24 13:00:00,AMEX:XLK,261.12,261.12,260.95,260.95,754.0
2025-07-24 14:00:00,AMEX:XLK,260.99,260.99,260.9,260.9,46.0
2025-07-24 14:15:00,AMEX:XLK,260.95,260.95,260.95,260.95,500.0
2025-07-24 14:30:00,AMEX:XLK,261.21,261.21,261.21,261.21,2.0
2025-07-24 15:00:00,AMEX:XLK,261.17,261.18,261.03,261.14,295.0
2025-07-24 15:15:00,AMEX:XLK,261.05,261.05,260.82,260.82,159.0
2025-07-24 15:30:00,AMEX:XLK,260.79,260.79,260.7,260.7,70.0
2025-07-24 15:45:00,AMEX:XLK,260.55,260.64,260.49,260.59,430.0
2025-07-24 16:00:00,AMEX:XLK,260.56,260.56,260.56,260.56,1.0
2025-07-24 16:15:00,AMEX:XLK,260.65,260.88,260.65,260.82,406.0
2025-07-24 16:30:00,AMEX:XLK,260.925,261.2,260.25,260.7,49810.0
2025-07-24 16:45:00,AMEX:XLK,260.71,261.07,260.225,260.42,25181.0
2025-07-24 17:00:00,AMEX:XLK,260.445,260.71,259.9,260.01,34447.0
2025-07-24 17:15:00,AMEX:XLK,260.05,260.48,259.93,260.42,25059.0
2025-07-24 17:30:00,AMEX:XLK,260.42,260.77,260.39,260.66,15119.0
2025-07-24 17:45:00,AMEX:XLK,260.685,261.1,260.67,260.98,18137.0
2025-07-24 18:00:00,AMEX:XLK,261.01,261.28,260.96,261.22,17771.0
2025-07-24 18:15:00,AMEX:XLK,261.22,261.35,261.0,261.11,13932.0
2025-07-24 18:30:00,AMEX:XLK,261.11,261.18,260.95,261.11,9941.0
2025-07-24 18:45:00,AMEX:XLK,261.12,261.375,261.02,261.2,13686.0
2025-07-24 19:00:00,AMEX:XLK,261.17,261.19,260.81,260.95,31690.0
2025-07-24 19:15:00,AMEX:XLK,260.94,261.29,260.89,261.05,11833.0
2025-07-24 19:30:00,AMEX:XLK,261.04,261.165,260.88,261.04,16653.0
2025-07-24 19:45:00,AMEX:XLK,261.06,261.21,260.89,261.18,8631.0
2025-07-24 20:00:00,AMEX:XLK,261.16,261.71,261.13,261.69,16031.0
2025-07-24 20:15:00,AMEX:XLK,261.695,261.79,261.41,261.41,8128.0
2025-07-24 20:30:00,AMEX:XLK,261.4,261.58,261.37,261.43,5278.0
2025-07-24 20:45:00,AMEX:XLK,261.51,261.65,261.39,261.46,5498.0
2025-07-24 21:00:00,AMEX:XLK,261.44,261.905,261.44,261.79,13467.0
2025-07-24 21:15:00,AMEX:XLK,261.81,261.82,261.595,261.62,19250.0
2025-07-24 21:30:00,AMEX:XLK,261.64,261.67,261.4,261.48,8198.0
2025-07-24 21:45:00,AMEX:XLK,261.47,261.49,261.18,261.45,11792.0
2025-07-24 22:00:00,AMEX:XLK,261.4,261.57,261.36,261.5,17268.0
2025-07-24 22:15:00,AMEX:XLK,261.49,261.69,261.46,261.58,21196.0
2025-07-24 22:30:00,AMEX:XLK,261.57,261.63,261.44,261.52,20505.0
2025-07-24 22:45:00,AMEX:XLK,261.525,261.63,261.31,261.34,121447.0
2025-07-24 23:30:00,AMEX:XLK,261.39,261.39,261.39,261.39,3.0
2025-07-25 00:30:00,AMEX:XLK,261.6,261.6,261.6,261.6,40.0
2025-07-25 00:45:00,AMEX:XLK,261.51,261.51,261.51,261.51,50.0
2025-07-25 02:30:00,AMEX:XLK,261.35,261.35,261.35,261.35,4.0
2025-07-25 11:15:00,AMEX:XLK,261.31,261.4,261.2,261.4,197.0
2025-07-25 11:30:00,AMEX:XLK,261.4,261.4,261.4,261.4,10.0
2025-07-25 11:45:00,AMEX:XLK,261.44,261.44,261.36,261.36,109.0
2025-07-25 12:30:00,AMEX:XLK,261.43,261.48,261.43,261.48,452.0
2025-07-25 13:15:00,AMEX:XLK,261.44,261.44,261.44,261.44,5.0
2025-07-25 13:45:00,AMEX:XLK,261.51,261.51,261.5,261.5,200.0
2025-07-25 14:00:00,AMEX:XLK,261.5,261.55,261.5,261.55,57.0
2025-07-25 14:45:00,AMEX:XLK,261.38,261.38,261.38,261.38,19.0
2025-07-25 15:00:00,AMEX:XLK,261.4,261.46,261.36,261.36,415.0
2025-07-25 15:15:00,AMEX:XLK,261.44,261.44,261.44,261.44,50.0
2025-07-25 15:30:00,AMEX:XLK,261.48,261.55,261.48,261.55,635.0
2025-07-25 16:00:00,AMEX:XLK,261.3,261.36,261.26,261.36,140.0
2025-07-25 16:15:00,AMEX:XLK,261.34,261.41,261.29,261.41,213.0
2025-07-25 16:30:00,AMEX:XLK,261.31,261.45,260.79,261.16,22684.0
2025-07-25 16:45:00,AMEX:XLK,261.24,261.79,261.18,261.5,21892.0
2025-07-25 17:00:00,AMEX:XLK,261.53,261.93,261.46,261.85,33290.0
2025-07-25 17:15:00,AMEX:XLK,261.82,262.05,261.73,262.025,11608.0
2025-07-25 17:30:00,AMEX:XLK,262.015,262.21,261.82,262.08,25206.0
2025-07-25 17:45:00,AMEX:XLK,262.08,262.115,261.8,262.02,16148.0
2025-07-25 18:00:00,AMEX:XLK,262.06,262.07,261.9,261.96,7525.0
2025-07-25 18:15:00,AMEX:XLK,261.96,262.07,261.81,262.01,9020.0
2025-07-25 18:30:00,AMEX:XLK,261.97,262.07,261.73,261.82,10673.0
2025-07-25 18:45:00,AMEX:XLK,261.78,262.01,261.78,261.93,6412.0
2025-07-25 19:00:00,AMEX:XLK,261.92,262.35,261.88,262.28,6473.0
2025-07-25 19:15:00,AMEX:XLK,262.29,262.59,262.22,262.525,10688.0
2025-07-25 19:30:00,AMEX:XLK,262.52,262.63,262.385,262.41,4722.0
2025-07-25 19:45:00,AMEX:XLK,262.43,262.52,262.28,262.34,6076.0
2025-07-25 20:00:00,AMEX:XLK,262.31,262.4,262.25,262.385,3992.0
2025-07-25 20:15:00,AMEX:XLK,262.381,262.41,262.23,262.34,4931.0
2025-07-25 20:30:00,AMEX:XLK,262.34,262.48,262.32,262.43,4046.0
2025-07-25 20:45:00,AMEX:XLK,262.44,262.48,262.33,262.36,3323.0
2025-07-25 21:00:00,AMEX:XLK,262.34,262.44,262.23,262.44,9856.0
2025-07-25 21:15:00,AMEX:XLK,262.43,262.65,262.43,262.45,6919.0
2025-07-25 21:30:00,AMEX:XLK,262.48,262.58,262.36,262.565,8042.0
2025-07-25 21:45:00,AMEX:XLK,262.56,262.6,262.38,262.47,12849.0
2025-07-25 22:00:00,AMEX:XLK,262.46,262.54,262.37,262.46,7619.0
2025-07-25 22:15:00,AMEX:XLK,262.46,262.56,262.32,262.34,12025.0
2025-07-25 22:30:00,AMEX:XLK,262.35,262.52,262.28,262.3,14182.0
2025-07-25 22:45:00,AMEX:XLK,262.33,262.39,261.885,262.03,73729.0
2025-07-25 23:00:00,AMEX:XLK,262.01,262.25,262.0,262.16,726.0
2025-07-25 23:30:00,AMEX:XLK,262.31,262.31,262.31,262.31,5.0
2025-07-26 00:00:00,AMEX:XLK,262.23,262.25,262.21,262.21,49.0
2025-07-26 00:15:00,AMEX:XLK,262.22,262.25,262.22,262.23,23.0
2025-07-26 00:30:00,AMEX:XLK,262.21,262.21,262.2,262.2,36.0
2025-07-26 00:45:00,AMEX:XLK,262.2,262.2,262.2,262.2,5.0
2025-07-26 01:00:00,AMEX:XLK,262.2,262.2,262.2,262.2,10.0
2025-07-26 01:30:00,AMEX:XLK,262.2,262.2,262.2,262.2,102.0
2025-07-26 02:15:00,AMEX:XLK,262.15,262.15,262.15,262.15,250.0
2025-07-26 02:45:00,AMEX:XLK,262.13,262.13,262.13,262.13,6.0
2025-07-28 11:00:00,AMEX:XLK,263.46,263.59,263.46,263.59,210.0
2025-07-28 11:15:00,AMEX:XLK,263.56,263.56,263.56,263.56,40.0
2025-07-28 11:30:00,AMEX:XLK,263.6,263.6,263.6,263.6,1.0
2025-07-28 11:45:00,AMEX:XLK,263.5,263.59,263.5,263.59,6.0
2025-07-28 12:15:00,AMEX:XLK,263.5,263.5,263.45,263.45,300.0
2025-07-28 12:30:00,AMEX:XLK,263.5,263.5,263.5,263.5,45.0
2025-07-28 13:00:00,AMEX:XLK,263.38,263.4,263.38,263.4,22.0
2025-07-28 13:15:00,AMEX:XLK,263.46,263.46,263.46,263.46,4.0
2025-07-28 13:30:00,AMEX:XLK,263.28,263.28,263.28,263.28,40.0
2025-07-28 13:45:00,AMEX:XLK,263.14,263.14,263.14,263.14,40.0
2025-07-28 14:00:00,AMEX:XLK,263.01,263.01,262.79,263.0,274.0
2025-07-28 14:15:00,AMEX:XLK,263.09,263.25,263.08,263.08,689.0
2025-07-28 14:45:00,AMEX:XLK,263.1,263.1,263.1,263.1,1.0
2025-07-28 15:00:00,AMEX:XLK,263.02,263.02,263.02,263.02,10.0
2025-07-28 15:15:00,AMEX:XLK,263.08,263.11,263.03,263.11,170.0
2025-07-28 15:30:00,AMEX:XLK,263.02,263.04,263.02,263.04,20.0
2025-07-28 15:45:00,AMEX:XLK,263.19,263.37,263.19,263.25,384.0
2025-07-28 16:00:00,AMEX:XLK,263.39,263.39,262.94,262.99,2035.0
2025-07-28 16:15:00,AMEX:XLK,263.01,263.05,262.93,262.98,582.0
2025-07-28 16:30:00,AMEX:XLK,263.0,263.37,262.84,263.26,21073.0
2025-07-28 16:45:00,AMEX:XLK,263.245,263.68,263.12,263.63,15593.0
2025-07-28 17:00:00,AMEX:XLK,263.68,263.85,263.38,263.51,19501.0
2025-07-28 17:15:00,AMEX:XLK,263.5,263.56,262.96,263.36,16949.0
2025-07-28 17:30:00,AMEX:XLK,263.38,263.65,263.345,263.455,7158.0
2025-07-28 17:45:00,AMEX:XLK,263.46,263.47,263.15,263.27,6151.0
2025-07-28 18:00:00,AMEX:XLK,263.27,263.33,263.08,263.25,5231.0
2025-07-28 18:15:00,AMEX:XLK,263.28,263.31,262.46,263.07,15445.0
2025-07-28 18:30:00,AMEX:XLK,263.13,263.21,263.06,263.135,3416.0
2025-07-28 18:45:00,AMEX:XLK,263.13,263.29,263.075,263.235,8543.0
2025-07-28 19:00:00,AMEX:XLK,263.21,263.27,263.12,263.26,10966.0
2025-07-28 19:15:00,AMEX:XLK,263.26,263.49,263.19,263.39,15146.0
2025-07-28 19:30:00,AMEX:XLK,263.37,263.41,263.28,263.31,4207.0
2025-07-28 19:45:00,AMEX:XLK,263.31,263.35,263.19,263.34,6403.0
2025-07-28 20:00:00,AMEX:XLK,263.31,263.4,263.01,263.39,8800.0
2025-07-28 20:15:00,AMEX:XLK,263.41,263.42,263.04,263.17,8593.0
2025-07-28 20:30:00,AMEX:XLK,263.2,263.51,263.2,263.47,12622.0
2025-07-28 20:45:00,AMEX:XLK,263.47,263.54,263.38,263.4,11025.0
2025-07-28 21:00:00,AMEX:XLK,263.38,263.52,263.23,263.52,14265.0
2025-07-28 21:15:00,AMEX:XLK,263.54,263.6,263.39,263.44,13192.0
2025-07-28 21:30:00,AMEX:XLK,263.44,263.47,263.165,263.33,17460.0
2025-07-28 21:45:00,AMEX:XLK,263.32,263.58,263.31,263.44,9255.0
2025-07-28 22:00:00,AMEX:XLK,263.43,263.59,263.43,263.54,19262.0
2025-07-28 22:15:00,AMEX:XLK,263.55,263.69,263.41,263.67,19596.0
2025-07-28 22:30:00,AMEX:XLK,263.66,263.77,263.53,263.75,17555.0
2025-07-28 22:45:00,AMEX:XLK,263.75,264.14,263.62,264.07,73702.0
2025-07-28 23:00:00,AMEX:XLK,264.07,264.29,263.98,264.21,2798.0
2025-07-28 23:15:00,AMEX:XLK,264.29,264.3,264.29,264.3,500.0
2025-07-28 23:30:00,AMEX:XLK,264.35,264.35,264.35,264.35,5.0
2025-07-28 23:45:00,AMEX:XLK,264.39,264.39,264.27,264.27,13.0
2025-07-29 00:00:00,AMEX:XLK,264.29,264.31,264.29,264.31,60.0
2025-07-29 00:15:00,AMEX:XLK,264.29,264.31,264.29,264.31,45.0
2025-07-29 00:30:00,AMEX:XLK,264.35,264.35,264.35,264.35,400.0
2025-07-29 01:30:00,AMEX:XLK,264.63,264.63,264.63,264.63,12.0
2025-07-29 01:45:00,AMEX:XLK,264.46,264.46,264.31,264.31,185.0
2025-07-29 02:00:00,AMEX:XLK,264.33,264.33,264.33,264.33,13.0
2025-07-29 02:15:00,AMEX:XLK,264.54,264.6,264.54,264.6,105.0
2025-07-29 02:45:00,AMEX:XLK,264.57,264.57,264.57,264.57,10.0
2025-07-29 11:00:00,AMEX:XLK,264.51,265.43,264.51,265.38,284.0
2025-07-29 11:15:00,AMEX:XLK,265.41,265.41,265.41,265.41,36.0
2025-07-29 11:30:00,AMEX:XLK,265.41,265.41,265.41,265.41,40.0
2025-07-29 11:45:00,AMEX:XLK,265.33,265.33,265.33,265.33,1.0
2025-07-29 12:00:00,AMEX:XLK,265.44,265.44,265.44,265.44,10.0
2025-07-29 12:45:00,AMEX:XLK,265.5,265.62,265.37,265.62,59.0
2025-07-29 13:15:00,AMEX:XLK,265.52,265.52,265.52,265.52,2.0
2025-07-29 13:30:00,AMEX:XLK,265.59,265.6,265.59,265.6,140.0
2025-07-29 13:45:00,AMEX:XLK,265.57,265.57,265.57,265.57,1.0
2025-07-29 14:00:00,AMEX:XLK,265.53,265.61,265.52,265.61,751.0
2025-07-29 14:15:00,AMEX:XLK,265.69,265.71,265.69,265.7,80.0
2025-07-29 14:30:00,AMEX:XLK,265.66,265.72,265.66,265.72,59.0
2025-07-29 14:45:00,AMEX:XLK,265.66,265.66,265.65,265.65,100.0
2025-07-29 15:00:00,AMEX:XLK,265.74,265.76,265.74,265.75,376.0
2025-07-29 15:15:00,AMEX:XLK,265.78,265.78,265.72,265.73,776.0
2025-07-29 15:30:00,AMEX:XLK,265.68,265.68,265.67,265.67,550.0
2025-07-29 15:45:00,AMEX:XLK,265.67,265.67,265.61,265.61,26.0
2025-07-29 16:00:00,AMEX:XLK,265.63,265.63,265.6,265.62,295.0
2025-07-29 16:15:00,AMEX:XLK,265.67,265.73,265.64,265.68,480.0
2025-07-29 16:30:00,AMEX:XLK,265.765,267.25,265.73,266.81,53029.0
2025-07-29 16:45:00,AMEX:XLK,266.8,266.86,266.14,266.74,78557.0
2025-07-29 17:00:00,AMEX:XLK,266.69,266.8,266.08,266.27,17915.0
2025-07-29 17:15:00,AMEX:XLK,266.26,266.36,265.77,266.03,44601.0
2025-07-29 17:30:00,AMEX:XLK,266.1,266.29,265.95,265.95,19032.0
2025-07-29 17:45:00,AMEX:XLK,266.0,266.2,265.27,265.34,14714.0
2025-07-29 18:00:00,AMEX:XLK,265.33,265.49,264.81,264.97,10461.0
2025-07-29 18:15:00,AMEX:XLK,264.95,264.99,263.96,264.02,9674.0
2025-07-29 18:30:00,AMEX:XLK,264.07,264.53,263.64,263.97,14935.0
2025-07-29 18:45:00,AMEX:XLK,263.99,265.02,263.99,264.77,17745.0
2025-07-29 19:00:00,AMEX:XLK,264.74,264.89,264.345,264.46,6178.0
2025-07-29 19:15:00,AMEX:XLK,264.46,264.62,264.15,264.265,9599.0
2025-07-29 19:30:00,AMEX:XLK,264.25,264.41,263.87,264.25,7309.0
2025-07-29 19:45:00,AMEX:XLK,264.2,264.62,264.12,264.62,4413.0
2025-07-29 20:00:00,AMEX:XLK,264.54,264.91,264.53,264.85,6899.0
2025-07-29 20:15:00,AMEX:XLK,264.88,264.98,264.73,264.77,12126.0
2025-07-29 20:30:00,AMEX:XLK,264.78,264.86,264.29,264.37,9613.0
2025-07-29 20:45:00,AMEX:XLK,264.385,264.66,264.21,264.56,5356.0
2025-07-29 21:00:00,AMEX:XLK,264.58,264.8,264.51,264.67,7013.0
2025-07-29 21:15:00,AMEX:XLK,264.66,264.74,264.35,264.46,5970.0
2025-07-29 21:30:00,AMEX:XLK,264.49,264.85,264.49,264.62,5185.0
2025-07-29 21:45:00,AMEX:XLK,264.64,264.7,264.42,264.48,4166.0
2025-07-29 22:00:00,AMEX:XLK,264.47,264.6,264.34,264.55,5732.0
2025-07-29 22:15:00,AMEX:XLK,264.535,264.535,264.11,264.15,8962.0
2025-07-29 22:30:00,AMEX:XLK,264.16,264.21,263.66,264.03,14541.0
2025-07-29 22:45:00,AMEX:XLK,264.02,264.22,263.82,264.12,87442.0
2025-07-29 23:00:00,AMEX:XLK,264.15,264.38,264.12,264.12,458.0
2025-07-29 23:15:00,AMEX:XLK,264.11,264.12,264.1,264.12,206.0
2025-07-29 23:30:00,AMEX:XLK,264.14,264.16,264.14,264.16,10.0
2025-07-29 23:45:00,AMEX:XLK,264.09,264.09,264.09,264.09,4.0
2025-07-30 01:15:00,AMEX:XLK,264.151,264.151,264.06,264.06,485.0
2025-07-30 02:00:00,AMEX:XLK,264.28,264.28,264.28,264.28,11.0
2025-07-30 11:00:00,AMEX:XLK,264.57,264.57,264.57,264.57,200.0
2025-07-30 11:15:00,AMEX:XLK,264.49,264.49,264.49,264.49,38.0
2025-07-30 12:00:00,AMEX:XLK,264.45,264.45,264.45,264.45,1.0
2025-07-30 12:30:00,AMEX:XLK,264.29,264.29,264.29,264.29,4.0
2025-07-30 14:00:00,AMEX:XLK,264.51,264.6,264.51,264.52,569.0
2025-07-30 14:15:00,AMEX:XLK,264.55,264.65,264.52,264.65,337.0
2025-07-30 14:30:00,AMEX:XLK,264.7,264.78,264.7,264.78,149.0
2025-07-30 14:45:00,AMEX:XLK,264.75,264.75,264.75,264.75,1.0
2025-07-30 15:00:00,AMEX:XLK,264.62,264.62,264.45,264.45,22.0
2025-07-30 15:15:00,AMEX:XLK,264.6,264.6,264.42,264.42,42.0
2025-07-30 15:30:00,AMEX:XLK,264.34,264.62,264.34,264.62,12.0
2025-07-30 15:45:00,AMEX:XLK,264.62,264.62,264.5,264.5,278.0
2025-07-30 16:00:00,AMEX:XLK,264.31,264.37,264.29,264.29,169.0
2025-07-30 16:15:00,AMEX:XLK,264.56,264.56,264.33,264.43,108.0
2025-07-30 16:30:00,AMEX:XLK,264.53,264.59,263.82,264.345,25486.0
2025-07-30 16:45:00,AMEX:XLK,264.36,264.67,264.15,264.435,38357.0
2025-07-30 17:00:00,AMEX:XLK,264.49,264.78,264.3,264.53,13201.0
2025-07-30 17:15:00,AMEX:XLK,264.52,265.05,264.5,264.77,10593.0
2025-07-30 17:30:00,AMEX:XLK,264.82,265.1,264.82,265.02,10128.0
2025-07-30 17:45:00,AMEX:XLK,265.04,265.34,264.94,265.07,5846.0
2025-07-30 18:00:00,AMEX:XLK,265.09,265.11,264.36,264.42,8701.0
2025-07-30 18:15:00,AMEX:XLK,264.42,264.64,264.32,264.4,9446.0
2025-07-30 18:30:00,AMEX:XLK,264.4,264.66,264.25,264.63,5680.0
2025-07-30 18:45:00,AMEX:XLK,264.6,264.96,264.52,264.95,5208.0
2025-07-30 19:00:00,AMEX:XLK,264.86,265.02,264.81,264.98,6319.0
2025-07-30 19:15:00,AMEX:XLK,264.97,265.19,264.95,265.0,5910.0
2025-07-30 19:30:00,AMEX:XLK,265.01,265.08,264.78,264.855,6140.0
2025-07-30 19:45:00,AMEX:XLK,264.84,265.0,264.8,265.0,5782.0
2025-07-30 20:00:00,AMEX:XLK,265.01,265.12,264.93,265.02,6219.0
2025-07-30 20:15:00,AMEX:XLK,265.01,265.165,264.97,265.02,5812.0
2025-07-30 20:30:00,AMEX:XLK,265.02,265.29,264.99,265.24,6135.0
2025-07-30 20:45:00,AMEX:XLK,265.21,265.21,264.95,265.17,35434.0
2025-07-30 21:00:00,AMEX:XLK,265.09,265.26,264.66,265.07,15113.0
2025-07-30 21:15:00,AMEX:XLK,265.08,265.27,265.0,265.25,7176.0
2025-07-30 21:30:00,AMEX:XLK,265.26,265.53,264.72,265.14,47786.0
2025-07-30 21:45:00,AMEX:XLK,265.14,265.28,263.17,263.3,43194.0
2025-07-30 22:00:00,AMEX:XLK,263.27,264.26,262.61,263.96,43895.0
2025-07-30 22:15:00,AMEX:XLK,263.98,264.09,263.22,263.45,24009.0
2025-07-30 22:30:00,AMEX:XLK,263.46,263.85,263.29,263.38,27038.0
2025-07-30 22:45:00,AMEX:XLK,263.4,264.75,263.4,264.72,118141.0
2025-07-30 23:00:00,AMEX:XLK,264.65,267.5,264.65,267.23,834.0
2025-07-30 23:15:00,AMEX:XLK,267.65,267.75,267.22,267.75,1064.0
2025-07-30 23:30:00,AMEX:XLK,267.32,267.6,267.32,267.6,32.0
2025-07-30 23:45:00,AMEX:XLK,267.47,267.6,267.3,267.51,1916.0
2025-07-31 00:00:00,AMEX:XLK,267.6,267.6,267.5,267.5,503.0
2025-07-31 00:15:00,AMEX:XLK,267.49,267.58,267.45,267.49,127.0
2025-07-31 00:30:00,AMEX:XLK,267.45,267.45,267.45,267.45,20.0
2025-07-31 00:45:00,AMEX:XLK,267.52,267.75,267.51,267.75,251.0
2025-07-31 01:00:00,AMEX:XLK,268.0,268.13,268.0,268.13,689.0
2025-07-31 01:15:00,AMEX:XLK,268.0,268.02,267.98,268.02,8.0
2025-07-31 01:30:00,AMEX:XLK,268.5,268.68,268.47,268.47,35.0
2025-07-31 01:45:00,AMEX:XLK,268.38,268.38,268.37,268.37,35.0
2025-07-31 02:00:00,AMEX:XLK,268.26,268.26,268.26,268.26,25.0
2025-07-31 02:15:00,AMEX:XLK,268.25,268.25,268.25,268.25,110.0
2025-07-31 02:30:00,AMEX:XLK,268.36,268.36,268.2,268.2,113.0
2025-07-31 02:45:00,AMEX:XLK,268.3,268.3,268.22,268.22,15.0
2025-07-31 11:00:00,AMEX:XLK,268.87,269.11,267.86,268.92,825.0
2025-07-31 11:15:00,AMEX:XLK,268.79,268.84,268.72,268.81,602.0
2025-07-31 11:30:00,AMEX:XLK,268.84,268.84,268.69,268.69,315.0
2025-07-31 11:45:00,AMEX:XLK,268.78,268.86,268.64,268.68,547.0
2025-07-31 12:15:00,AMEX:XLK,268.68,268.68,268.68,268.68,50.0
2025-07-31 12:30:00,AMEX:XLK,268.6,268.6,268.58,268.58,14.0
2025-07-31 12:45:00,AMEX:XLK,268.58,268.58,268.58,268.58,3.0
2025-07-31 13:00:00,AMEX:XLK,268.53,268.53,268.53,268.53,1.0
2025-07-31 13:15:00,AMEX:XLK,268.54,268.57,268.54,268.56,124.0
2025-07-31 13:30:00,AMEX:XLK,268.56,268.63,268.54,268.54,402.0
2025-07-31 13:45:00,AMEX:XLK,268.72,268.72,268.35,268.42,178.0
2025-07-31 14:00:00,AMEX:XLK,268.45,268.55,268.25,268.25,531.0
2025-07-31 14:15:00,AMEX:XLK,268.34,268.36,268.23,268.3,185.0
2025-07-31 14:30:00,AMEX:XLK,268.31,268.31,268.2,268.2,137.0
2025-07-31 14:45:00,AMEX:XLK,268.2,268.2,268.13,268.16,311.0
2025-07-31 15:00:00,AMEX:XLK,268.13,268.54,268.13,268.54,60.0
2025-07-31 15:15:00,AMEX:XLK,268.53,268.59,268.51,268.51,23.0
2025-07-31 15:30:00,AMEX:XLK,268.5,268.71,268.4,268.66,103.0
2025-07-31 15:45:00,AMEX:XLK,268.66,268.79,268.66,268.7,502.0
2025-07-31 16:00:00,AMEX:XLK,268.8,268.8,268.6,268.62,513.0
2025-07-31 16:15:00,AMEX:XLK,268.5,268.7,268.0,268.0,390.0
2025-07-31 16:30:00,AMEX:XLK,268.0,268.0,265.58,265.8,47727.0
2025-07-31 16:45:00,AMEX:XLK,265.83,266.62,265.32,266.13,47394.0
2025-07-31 17:00:00,AMEX:XLK,266.13,266.61,266.03,266.59,27601.0
2025-07-31 17:15:00,AMEX:XLK,266.62,266.66,265.91,266.06,22303.0
2025-07-31 17:30:00,AMEX:XLK,266.12,266.4,265.47,265.8,13277.0
2025-07-31 17:45:00,AMEX:XLK,265.8,265.83,264.89,265.0,13905.0
2025-07-31 18:00:00,AMEX:XLK,265.17,265.55,264.55,264.55,19900.0
2025-07-31 18:15:00,AMEX:XLK,264.54,264.85,264.22,264.84,13470.0
2025-07-31 18:30:00,AMEX:XLK,264.86,265.4,264.82,265.39,9539.0
2025-07-31 18:45:00,AMEX:XLK,265.41,265.42,265.12,265.42,6812.0
2025-07-31 19:00:00,AMEX:XLK,265.39,265.67,265.31,265.61,6694.0
2025-07-31 19:15:00,AMEX:XLK,265.62,265.76,265.54,265.61,5211.0
2025-07-31 19:30:00,AMEX:XLK,265.61,265.77,265.33,265.53,7322.0
2025-07-31 19:45:00,AMEX:XLK,265.53,265.56,265.06,265.245,9473.0
2025-07-31 20:00:00,AMEX:XLK,265.22,265.29,264.9,264.93,9530.0
2025-07-31 20:15:00,AMEX:XLK,264.91,264.94,263.48,263.7,12555.0
2025-07-31 20:30:00,AMEX:XLK,263.72,264.025,263.28,263.97,16531.0
2025-07-31 20:45:00,AMEX:XLK,264.0,264.18,262.43,262.69,26446.0
2025-07-31 21:00:00,AMEX:XLK,262.66,263.17,262.1,262.1,16685.0
2025-07-31 21:15:00,AMEX:XLK,262.06,263.02,261.5,263.0,10024.0
2025-07-31 21:30:00,AMEX:XLK,262.95,263.58,262.95,263.58,9935.0
2025-07-31 21:45:00,AMEX:XLK,263.58,263.73,263.15,263.17,11355.0
2025-07-31 22:00:00,AMEX:XLK,263.23,263.61,262.925,262.97,16414.0
2025-07-31 22:15:00,AMEX:XLK,262.95,263.29,262.66,262.72,12501.0
2025-07-31 22:30:00,AMEX:XLK,262.74,263.11,262.66,263.11,37876.0
2025-07-31 22:45:00,AMEX:XLK,263.12,263.165,261.94,262.5,148745.0
2025-07-31 23:00:00,AMEX:XLK,262.65,262.65,262.65,262.65,2.0
2025-07-31 23:15:00,AMEX:XLK,262.68,262.69,262.68,262.69,27.0
2025-07-31 23:30:00,AMEX:XLK,262.96,263.03,262.96,263.03,20.0
2025-07-31 23:45:00,AMEX:XLK,263.29,263.29,263.29,263.29,4.0
2025-08-01 00:15:00,AMEX:XLK,262.89,262.89,262.89,262.89,4.0
2025-08-01 00:45:00,AMEX:XLK,263.11,263.11,263.11,263.11,8.0
2025-08-01 01:00:00,AMEX:XLK,263.1,263.12,263.1,263.1,331.0
2025-08-01 01:15:00,AMEX:XLK,262.76,262.76,262.76,262.76,20.0
2025-08-01 01:30:00,AMEX:XLK,262.57,262.57,262.57,262.57,80.0
2025-08-01 02:00:00,AMEX:XLK,262.58,262.72,262.57,262.72,121.0
